step,pending,running,actions,a2_actions,a4_actions,decision_ms,counterfactual_ms,actor_decoder_ms,other_decision_ms,advance_ms,relief_credit_ms,relief_candidates
0,2,0,2,0,2,153.427953,19.450012,11.348569,122.62937199999999,20.096934,0.0,0
1,3,2,3,0,3,244.620565,11.623935,89.478339,143.518291,12.267807,0.0,0
2,4,3,4,0,4,214.001799,15.488630999999998,31.236379,167.276789,11.039924,0.0,0
3,0,7,0,0,0,35.433711,0.0,0.0,35.433711,9.370922,0.0,0
4,3,7,3,0,3,142.78516,8.702765,11.997309,122.08508599999999,17.17068,0.0,0
5,4,9,4,0,4,216.801954,22.217091,22.076467,172.50839599999998,16.621333,0.0,0
6,4,11,4,0,4,189.308993,11.002738,14.821551,163.484704,16.208509,0.0,0
7,6,14,6,0,6,253.660439,22.998455,24.047607,206.614377,21.619562,0.0,0
8,4,17,16,4,4,365.792839,9.103606000000001,39.505077,317.18415600000003,15.372408,1.736614,7
9,5,14,5,0,5,248.849468,30.896947,19.952885000000002,197.99963599999998,15.254521,0.0,0
10,0,19,0,0,0,26.643218,0.0,0.0,26.643218,13.220694,0.0,0
11,4,19,4,0,4,61.12509,12.189172,19.87797,29.057948,19.062333,0.0,0
12,7,16,7,0,7,173.823854,20.917304,27.527841000000002,125.37870900000001,19.797361,0.0,0
13,6,16,6,0,6,260.429209,16.339309,24.389797,219.700103,19.103784,0.0,0
14,1,18,1,0,1,68.446324,4.759731,3.659098,60.027495,19.411097,0.0,0
15,0,17,0,0,0,28.764389,0.0,0.0,28.764389,12.477723,0.0,0
16,1,17,1,0,1,61.047802,2.631575,3.598481,54.817746,15.578155,0.0,0
17,2,16,8,2,2,175.917621,4.513954,16.811075,154.592592,18.678206,0.6056200000000003,5
18,2,13,2,0,2,99.853811,4.646210999999999,8.812853,86.394747,9.645015,0.0,0
19,3,15,3,0,3,163.118673,8.254302000000001,12.514384,142.349987,12.84347,0.0,0
20,1,18,4,1,1,73.686574,1.437135,6.64166,65.607779,11.837134,0.23592900000000006,4
21,6,17,9,1,6,157.659249,12.349315999999998,24.908574,120.401359,9.41166,0.2892619999999999,3
22,6,18,6,0,6,105.825011,10.925288,20.053035,74.846688,19.814146,0.0,0
23,7,18,7,0,7,160.500279,17.714602,28.208377,114.57730000000002,19.926462,0.0,0
24,7,20,7,0,7,140.739967,12.462526,23.045704,105.23173700000001,20.660878,0.0,0
25,5,18,8,1,5,233.847777,11.113838,22.337901,200.39603800000003,19.243844,0.39921900000000043,3
26,1,21,1,0,1,74.235081,2.508689,3.754801,67.97159099999999,13.750495,0.0,0
27,2,22,2,0,2,118.789344,4.75351,7.019164,107.01666999999999,14.668252,0.0,0
28,2,23,2,0,2,112.668686,4.327188,9.023239,99.318259,15.367364,0.0,0
29,5,25,5,0,5,220.441239,13.406588999999999,20.380601999999996,186.654048,15.160858,0.0,0
30,0,26,0,0,0,17.507605,0.0,0.0,17.507605,20.424279,0.0,0
31,2,24,2,0,2,118.113074,4.7753049999999995,8.746293999999999,104.591475,19.617648,0.0,0
32,2,24,2,0,2,102.29026,6.13486,9.425883,86.729517,19.937427,0.0,0
33,0,24,0,0,0,16.605504,0.0,0.0,16.605504,10.45509,0.0,0
34,1,24,1,0,1,58.845096,2.346683,3.681528,52.816885,15.925194,0.0,0
35,1,23,1,0,1,70.135346,2.020919,3.329268,64.785159,21.574585,0.0,0
36,3,23,3,0,3,110.151894,31.717781,12.011389,66.422724,14.572999,0.0,0
37,7,24,7,0,7,255.780518,39.712599999999995,27.207219,188.860699,19.620888,0.0,0
38,3,25,3,0,3,93.283338,28.807633,12.993063,51.482642000000006,14.353541,0.0,0
39,4,24,4,0,4,125.834763,35.473062,15.507191999999998,74.854509,17.403819,0.0,0
40,3,25,3,0,3,91.505132,31.277691,12.210974,48.016467,22.90152,0.0,0
41,2,25,2,0,2,69.016892,32.072639,8.49929,28.444962999999994,22.417977,0.0,0
42,3,23,3,0,3,142.316231,31.821117,13.568545,96.92656899999999,20.388988,0.0,0
43,2,23,2,0,2,66.943445,18.216634,7.2864070000000005,41.440404,11.396632,0.0,0
44,4,24,4,0,4,175.500208,23.873145,15.597713,136.02935,20.351897,0.0,0
45,3,24,6,1,3,173.285782,31.237347,20.991607000000002,121.05682800000001,11.023205,0.26937599999999984,2
46,3,25,3,0,3,114.757361,24.016401,13.175854000000001,77.565106,15.340199,0.0,0
47,3,25,3,0,3,123.971583,22.828239,14.226549,86.916795,15.780136,0.0,0
48,3,26,3,0,3,111.882068,20.666552000000003,12.778844,78.43667200000002,17.551907,0.0,0
49,5,26,8,1,5,274.528809,23.822576,24.45873,226.24750300000002,22.096481,0.2651319999999999,2
50,3,26,3,0,3,153.849873,18.236185,12.656958,122.95673,19.342944,0.0,0
51,3,27,6,1,3,188.986594,10.560053,19.859662,158.56687899999997,20.998023,0.5151120000000007,2
52,6,24,6,0,6,279.416568,25.928137000000003,26.021043,227.467388,19.317592,0.0,0
53,3,26,3,0,3,152.790466,7.676414000000001,11.442253000000001,133.67179900000002,21.081088,0.0,0
54,2,25,2,0,2,102.900419,4.445283,6.734385,91.72075099999999,16.250044,0.0,0
55,2,23,2,0,2,77.942289,4.659662,6.821657,66.46097,11.073559,0.0,0
56,2,25,2,0,2,103.435575,12.193906,7.03094,84.210729,15.120262,0.0,0
57,1,26,1,0,1,55.81235,2.072701,3.784999,49.95465,19.694916,0.0,0
58,2,26,2,0,2,101.138111,4.513764999999999,7.4411629999999995,89.183183,20.334075,0.0,0
59,2,26,2,0,2,115.718432,4.203037,7.481274,104.03412100000001,17.482878,0.0,0
60,5,25,5,0,5,179.264632,37.185317000000005,22.90617,119.173145,21.14342,0.0,0
61,5,25,8,1,5,214.627502,22.934580999999998,22.8729,168.820021,21.307899,0.4311909999999992,3
62,8,24,8,0,8,326.238367,40.384726,31.533666,254.31997499999997,17.03248,0.0,0
63,5,28,5,0,5,139.204906,34.382515999999995,20.300005,84.522385,21.569849,0.0,0
64,3,27,3,0,3,86.726766,22.930545000000002,12.32926,51.466961,15.156353,0.0,0
65,5,27,5,0,5,117.266482,26.730040999999996,21.428805000000004,69.10763599999999,17.744374,0.0,0
66,5,26,5,0,5,153.038304,28.774483999999998,19.789972,104.473848,15.639542,0.0,0
67,5,27,8,1,5,156.006808,23.392071,21.138548999999998,111.476188,15.328223,0.30725800000000003,3
68,6,25,6,0,6,214.568413,23.108918,25.458632,166.000863,16.991449,0.0,0
69,1,28,1,0,1,32.825654,4.247807,4.698552,23.879295,21.232363,0.0,0
70,4,25,4,0,4,206.323463,9.388629,17.348953,179.585881,18.51796,0.0,0
71,1,25,1,0,1,69.850851,4.338579,5.544337,59.96793500000001,23.905736,0.0,0
72,1,25,1,0,1,60.799486,4.98226,4.479133,51.33809300000001,15.215923,0.0,0
73,6,25,9,1,6,268.791505,21.050675000000002,25.970048000000002,221.77078199999997,15.765168,0.2595160000000005,2
74,3,26,3,0,3,131.561732,11.972712999999999,13.216075,106.372944,21.151938,0.0,0
75,5,26,5,0,5,219.283308,15.627274000000002,21.787336,181.868698,22.614865,0.0,0
76,2,28,2,0,2,117.59031,4.3501259999999995,8.023815,105.216369,20.171187,0.0,0
77,2,28,2,0,2,88.058721,4.88727,7.012915,76.158536,19.866125,0.0,0
78,2,28,2,0,2,103.895572,5.4248080000000005,7.003628,91.467136,15.506369,0.0,0
79,3,27,3,0,3,98.560459,9.529854,10.137544,78.89306099999999,23.475476,0.0,0
80,4,28,4,0,4,134.321826,11.194101999999999,14.607552,108.52017199999999,22.276153,0.0,0
81,3,27,3,0,3,145.341812,7.140801,11.83235,126.36866099999999,18.694467,0.0,0
82,2,29,5,1,2,94.996239,7.504034,11.54065,75.951555,15.536594,0.31728500000000004,2
83,4,28,4,0,4,162.119167,16.152811,15.440606,130.52575000000002,22.907435,0.0,0
84,2,29,2,0,2,47.392713,12.210989999999999,8.658653,26.523070000000004,25.887643,0.0,0
85,3,27,3,0,3,98.668366,14.800915,12.809933000000001,71.057518,18.018941,0.0,0
86,6,28,6,0,6,273.915221,18.845642,24.535790000000002,230.53378899999998,18.431668,0.0,0
87,3,27,3,0,3,125.936107,11.266117,9.645176,105.02481400000002,21.491351,0.0,0
88,2,28,2,0,2,74.031956,10.124639,8.329184999999999,55.578132,15.200821,0.0,0
89,5,26,5,0,5,189.242891,17.475064,18.240947,153.52687999999998,22.313906,0.0,0
90,3,28,3,0,3,123.463429,11.067515,11.006015000000001,101.389899,16.225675,0.0,0
91,4,26,4,0,4,195.710785,13.569956000000001,16.46131,165.679519,22.538009,0.0,0
92,2,26,2,0,2,87.136695,13.76982,6.577774,66.789101,21.034065,0.0,0
93,1,25,1,0,1,41.141727,10.557576,3.675054,26.909097000000006,22.148465,0.0,0
94,2,24,2,0,2,95.723422,16.483977,8.89969,70.339755,14.738825,0.0,0
95,3,25,3,0,3,155.867282,16.923755,10.667574,128.275953,19.689553,0.0,0
96,0,27,3,1,0,42.252007,0.0,3.9411899999999997,38.310817,14.826058,0.35320399999999985,3
97,3,24,3,0,3,133.556533,17.646013,10.461247,105.449273,20.936697,0.0,0
98,2,24,2,0,2,78.610279,17.014862,8.308869999999999,53.286547000000006,22.655731,0.0,0
99,2,23,2,0,2,81.41639,26.900738,8.704063999999999,45.811588,12.135657,0.0,0
100,1,24,1,0,1,35.189579,10.309406,3.589586,21.290587000000002,11.347115,0.0,0
101,1,24,1,0,1,34.095765,9.76952,3.898715,20.42753,15.85517,0.0,0
102,2,24,5,1,2,99.198172,12.400815999999999,10.460705,76.336651,15.581093,0.2521329999999997,1
103,5,23,5,0,5,149.264143,35.613882000000004,17.871128000000002,95.77913299999999,14.317599,0.0,0
104,2,25,2,0,2,51.088393,26.716672000000003,7.012995,17.358726,14.299534,0.0,0
105,3,23,3,0,3,112.918531,43.237285,19.660506,50.02074,11.095336,0.0,0
106,3,24,3,0,3,102.553694,25.911026,10.637848,66.00481999999998,14.523209,0.0,0
107,4,24,4,0,4,140.656973,32.391103,14.554561,93.711309,21.074638,0.0,0
108,2,25,5,1,2,77.392959,24.112271,9.852374000000001,43.428314,12.949816,0.19517899999999955,2
109,5,24,5,0,5,187.25057,42.52945599999999,18.599142999999998,126.12197100000003,21.599059,0.0,0
110,3,26,3,0,3,85.786439,25.951340000000002,10.092991,49.742108,14.945146,0.0,0
111,4,26,4,0,4,130.692187,29.487854,14.102803999999999,87.101529,21.562844,0.0,0
112,3,27,3,0,3,106.382865,27.887801,10.41719,68.077874,24.291555,0.0,0
113,3,27,3,0,3,119.52366,42.4323,11.745308999999999,65.34605100000002,19.744412,0.0,0
114,4,25,4,0,4,103.019142,37.153277,13.659087,52.206778,14.989246,0.0,0
115,5,25,5,0,5,150.072417,43.401544,19.343272,87.327601,23.093445,0.0,0
116,7,24,7,0,7,264.673495,55.340144,29.199586,180.13376499999998,21.228258,0.0,0
117,5,26,5,0,5,153.716078,36.359358,17.935538,99.42118200000002,15.381441,0.0,0
118,5,26,5,0,5,173.247833,37.348975,19.490085,116.40877300000002,21.557166,0.0,0
119,4,26,7,1,4,184.427263,34.325446,20.33404,129.76777700000002,21.666048,0.3864609999999997,2
