seed,validation_case,policy,reward,jobs_total,earliest_finish_impossible_jobs,feasible_completion_upper_bound,admitted_jobs,completed_jobs,served_jobs,served_pct,sla_viol_jobs,sla_pct,admission_late_jobs,restart_late_jobs,restart_late_pct,admission_pct,completion_late_jobs,completion_late_pct,completion_viol_jobs,completion_pct,dropped,dropped_jobs,late,late_jobs,preempt,preempted_jobs,wait,avg_wait_steps,wait_cost,rack_viol,rack_viol_pct,xrack,cross_rack_frac,cross_rack_sum,cross_rack_samples,network_cross_bytes,network_local_bytes,network_total_bytes,network_cross_gb,network_local_gb,network_total_gb,network_cross_byte_pct,network_delay_sec,network_max_job_delay_sec,network_max_link_util_pct,network_mean_link_util_pct,network_extra_steps,network_metric_source,net_comm_tax,simulated_packet_telemetry,energy_kwh,wall_time_s,cpu_time_s,avg_cpu_pct,peak_rss_mb,monitored_pids
1,validation_1010_1pct,RANDOM,-10.457691049849672,41,5,36,41,36,36,87.8048780487805,5,12.195121951219512,0,0,0.0,0.0,0,0.0,5,12.195121951219512,5,5,0,0,0,0,0.0,0.0,41.0,55583,1.9299652777777778,0.31430555555555567,0.31430555555555567,37.71666666666668,120,13040000000.0,24880000000.0,37920000000.0,13.04,24.88,37.92,34.38818565400844,184.10343132014978,1.4827365045430252,0.21333333333333335,0.19199999999999953,0.0,simulated_ring_packets_on_fat_tree_links,0.3,True,563.6274158409539,1.4703056812286377,1.9600000000000009,175.99213483146067,890.0,2
1,validation_1010_1pct,SPREAD,-10.457691049849666,41,5,36,41,36,36,87.8048780487805,5,12.195121951219512,0,0,0.0,0.0,0,0.0,5,12.195121951219512,5,5,0,0,0,0,0.0,0.0,41.0,55583,1.9299652777777778,0.31430555555555567,0.31430555555555567,37.71666666666668,120,13040000000.0,24880000000.0,37920000000.0,13.04,24.88,37.92,34.38818565400844,184.10343132014978,1.4827365045430252,0.21333333333333335,0.19199999999999953,0.0,simulated_ring_packets_on_fat_tree_links,0.3,True,563.6274158409537,2.3852100372314453,2.020000000000003,139.47260273972603,903.4140625,2
1,validation_1010_1pct,EPOBF,-10.45769104984967,41,5,36,41,36,36,87.8048780487805,5,12.195121951219512,0,0,0.0,0.0,0,0.0,5,12.195121951219512,5,5,0,0,0,0,0.0,0.0,41.0,55583,1.9299652777777778,0.31430555555555567,0.31430555555555567,37.71666666666668,120,13040000000.0,24880000000.0,37920000000.0,13.04,24.88,37.92,34.38818565400844,184.10343132014978,1.4827365045430252,0.21333333333333335,0.19199999999999953,0.0,simulated_ring_packets_on_fat_tree_links,0.3,True,563.6274158409539,1.3720383644104004,1.3399999999999963,157.5567901234568,907.08203125,2
1,validation_1010_1pct,RPA,7.712083935145623,41,5,36,43,36,36,87.8048780487805,5,12.195121951219512,0,0,0.0,0.0,0,0.0,5,12.195121951219512,5,5,0,0,2,2,0.20930232558139536,0.20930232558139536,45.0,0,0.0,0.4144444444444442,0.4144444444444442,49.733333333333306,120,17360000000.0,19920000000.0,37280000000.0,17.36,19.92,37.28,46.566523605150216,185.94616782469282,1.4827365045430252,0.21333333333333335,0.18844444444444397,0.0,simulated_ring_packets_on_fat_tree_links,0.3,True,566.8252744403986,1.3962986469268799,1.5100000000000051,161.25375,934.08203125,2
1,validation_1010_1pct,SAFERES,-4.788407083928731,41,5,36,39,35,35,85.36585365853658,6,14.634146341463415,2,0,0.0,4.878048780487805,0,0.0,6,14.634146341463415,6,6,0,0,0,0,0.3076923076923077,0.3076923076923077,247.0,0,0.0,0.004166666666666667,0.004166666666666667,0.5,120,80000000.0,2160000000.0,2240000000.0,0.08,2.16,2.24,3.5714285714285716,19.198311063602354,1.4827365045430252,0.21333333333333335,0.048000000000000015,0.0,simulated_ring_packets_on_fat_tree_links,0.3,True,441.768218282587,5.769357204437256,4.929999999999996,89.43303571428571,949.015625,2
1,validation_1010_1pct,MARL,7.821237131679506,41,5,36,43,36,36,87.8048780487805,5,12.195121951219512,0,0,0.0,0.0,0,0.0,5,12.195121951219512,5,5,0,0,2,2,0.16279069767441862,0.16279069767441862,43.0,0,0.0,0.4186111111111109,0.4186111111111109,50.233333333333306,120,17520000000.0,20080000000.0,37600000000.0,17.52,20.08,37.6,46.59574468085106,187.42890432923585,1.4827365045430252,0.21333333333333335,0.19022222222222174,0.0,simulated_ring_packets_on_fat_tree_links,0.3,True,568.2164235809192,5.7437005043029785,4.839999999999996,84.74915254237288,1082.9609375,2
1,validation_1010_1pct,MARL_POINT,7.8212371316795055,41,5,36,43,36,36,87.8048780487805,5,12.195121951219512,0,0,0.0,0.0,0,0.0,5,12.195121951219512,5,5,0,0,2,2,0.16279069767441862,0.16279069767441862,43.0,0,0.0,0.4186111111111109,0.4186111111111109,50.233333333333306,120,17520000000.0,20080000000.0,37600000000.0,17.52,20.08,37.6,46.59574468085106,187.42890432923585,1.4827365045430252,0.21333333333333335,0.19022222222222174,0.0,simulated_ring_packets_on_fat_tree_links,0.3,True,568.2164235809191,5.555963754653931,4.679999999999993,83.94568965517242,1083.28515625,2
1,validation_980_1pct,RANDOM,-1.2828179750776871,56,8,48,56,48,48,85.71428571428571,8,14.285714285714286,0,0,0.0,0.0,0,0.0,8,14.285714285714286,8,8,0,0,0,0,0.0,0.0,55.0,23455,0.8144097222222222,0.19992514430014433,0.19992514430014433,23.99101731601732,120,7240000000.0,15360000000.0,22600000000.0,7.24,15.36,22.6,32.0353982300885,138.50270443613041,1.4827365045430252,0.21333333333333335,0.15288888888888863,0.0,simulated_ring_packets_on_fat_tree_links,0.3,True,572.8049175122147,1.8201563358306885,2.109999999999996,135.8673469387755,884.79296875,2
1,validation_980_1pct,SPREAD,-0.43348464174435164,56,8,48,56,48,48,85.71428571428571,8,14.285714285714286,0,0,0.0,0.0,0,0.0,8,14.285714285714286,8,8,0,0,0,0,0.0,0.0,55.0,20907,0.7259375,0.19992514430014433,0.19992514430014433,23.99101731601732,120,7240000000.0,15360000000.0,22600000000.0,7.24,15.36,22.6,32.0353982300885,138.50270443613041,1.4827365045430252,0.21333333333333335,0.15288888888888863,0.0,simulated_ring_packets_on_fat_tree_links,0.3,True,572.8049175122146,2.708423614501953,2.3500000000000014,127.29634146341462,900.47265625,2
1,validation_980_1pct,EPOBF,-0.4334846417443503,56,8,48,56,48,48,85.71428571428571,8,14.285714285714286,0,0,0.0,0.0,0,0.0,8,14.285714285714286,8,8,0,0,0,0,0.0,0.0,55.0,20907,0.7259375,0.19992514430014433,0.19992514430014433,23.99101731601732,120,7240000000.0,15360000000.0,22600000000.0,7.24,15.36,22.6,32.0353982300885,138.50270443613041,1.4827365045430252,0.21333333333333335,0.15288888888888863,0.0,simulated_ring_packets_on_fat_tree_links,0.3,True,572.8049175122145,1.6860082149505615,1.5299999999999976,132.80243902439022,902.30859375,2
1,validation_980_1pct,RPA,6.168424725397817,56,8,48,61,48,48,85.71428571428571,8,14.285714285714286,0,0,0.0,0.0,0,0.0,8,14.285714285714286,8,8,0,0,5,5,0.3442622950819672,0.3442622950819672,65.0,0,0.0,0.2315322871572872,0.2315322871572872,27.78387445887446,120,8280000000.0,13680000000.0,21960000000.0,8.28,13.68,21.96,37.704918032786885,135.53723142704436,1.4827365045430252,0.21333333333333335,0.14933333333333312,0.0,simulated_ring_packets_on_fat_tree_links,0.3,True,572.0402997598345,1.6848649978637695,1.7799999999999976,142.74888888888887,920.2734375,2
1,validation_980_1pct,SAFERES,-1.2058908953823568,56,8,48,49,42,42,75.0,15,26.785714285714285,8,0,0.0,14.285714285714286,1,1.7857142857142858,15,26.785714285714285,14,14,1,1,0,0,0.40816326530612246,0.40816326530612246,483.0,1926,0.066875,0.08859788359788358,0.08859788359788358,10.63174603174603,120,3040000000.0,5920000000.0,8960000000.0,3.04,5.92,8.96,33.92857142857143,61.23766969535009,1.4827365045430252,0.21333333333333335,0.10133333333333336,0.0,simulated_ring_packets_on_fat_tree_links,0.3,True,520.6287019761663,7.380139112472534,6.469999999999999,87.47033898305085,925.078125,2
1,validation_980_1pct,MARL,6.33345023148251,56,8,48,59,48,48,85.71428571428571,8,14.285714285714286,0,0,0.0,0.0,0,0.0,8,14.285714285714286,8,8,0,0,3,3,0.2033898305084746,0.2033898305084746,58.0,0,0.0,0.235341810966811,0.235341810966811,28.24101731601732,120,8440000000.0,13840000000.0,22280000000.0,8.44,13.84,22.28,37.881508078994614,137.0199679315874,1.4827365045430252,0.21333333333333335,0.15111111111111086,0.0,simulated_ring_packets_on_fat_tree_links,0.3,True,574.0190457268218,6.458292245864868,5.670000000000002,86.26134453781513,1070.41015625,2
1,validation_980_1pct,MARL_POINT,6.333450231482505,56,8,48,59,48,48,85.71428571428571,8,14.285714285714286,0,0,0.0,0.0,0,0.0,8,14.285714285714286,8,8,0,0,3,3,0.2033898305084746,0.2033898305084746,58.0,0,0.0,0.235341810966811,0.235341810966811,28.24101731601732,120,8440000000.0,13840000000.0,22280000000.0,8.44,13.84,22.28,37.881508078994614,137.0199679315874,1.4827365045430252,0.21333333333333335,0.15111111111111086,0.0,simulated_ring_packets_on_fat_tree_links,0.3,True,574.019045726822,6.264555215835571,5.5,86.63949579831933,1072.73828125,2
1,validation_980_5pct,RANDOM,-4.164069868755432,242,26,216,239,212,212,87.60330578512396,31,12.809917355371901,1,0,0.0,0.4132231404958678,1,0.4132231404958678,31,12.809917355371901,30,30,1,1,0,0,0.3891213389121339,0.3891213389121339,339.0,155545,5.400868055555556,0.4637217569943207,0.4637217569943207,55.646610839318484,120,40160000000.0,43560000000.0,83720000000.0,40.16,43.56,83.72,47.96942188246536,617.2556224068943,1.4841106197058993,0.4266666666666667,0.221782349370426,0.0,simulated_ring_packets_on_fat_tree_links,0.3,True,1171.8712967274043,5.664441347122192,5.599999999999998,104.7957627118644,935.88671875,2
1,validation_980_5pct,SPREAD,-23.019454939757992,242,26,216,237,211,211,87.1900826446281,33,13.636363636363637,3,0,0.0,1.2396694214876034,2,0.8264462809917356,33,13.636363636363637,31,31,2,2,0,0,0.43037974683544306,0.43037974683544306,414.0,207902,7.218819444444445,0.6091192467165,0.6091192467165,73.09430960598,120,52400000000.0,29520000000.0,81920000000.0,52.4,29.52,81.92,63.96484375,663.9854389450527,1.4848006276151149,0.64,0.22959912081106915,0.0,simulated_ring_packets_on_fat_tree_links,0.3,True,1187.4391556596997,10.874577760696411,9.779999999999994,93.36239316239316,959.5234375,2
1,validation_980_5pct,EPOBF,-21.511606504165943,242,26,216,241,214,214,88.4297520661157,29,11.983471074380166,1,0,0.0,0.4132231404958678,1,0.4132231404958678,29,11.983471074380166,28,28,1,1,0,0,0.3900414937759336,0.3900414937759336,340.0,206181,7.1590625,0.5334689297980144,0.5334689297980144,64.01627157576173,120,46720000000.0,35920000000.0,82640000000.0,46.72,35.92,82.64,56.53436592449177,631.4269013960729,1.4841106197058993,0.4266666666666667,0.22421202398312529,0.0,simulated_ring_packets_on_fat_tree_links,0.3,True,1179.5326783230366,5.4354729652404785,4.939999999999998,95.03103448275863,951.078125,2
1,validation_980_5pct,RPA,41.76113695277035,242,26,216,264,213,213,88.01652892561984,37,15.289256198347108,8,5,2.0661157024793386,3.3057851239669422,8,3.3057851239669422,37,15.289256198347108,29,29,8,8,24,24,1.7386363636363635,1.7386363636363635,621.0,0,0.0,0.5307828225262153,0.5307828225262153,63.69393870314585,120,37800000000.0,32800000000.0,70600000000.0,37.8,32.8,70.6,53.54107648725213,555.6552044812179,1.4841106197058993,0.4266666666666667,0.22031454717633966,0.0,simulated_ring_packets_on_fat_tree_links,0.3,True,1116.7315252452574,8.413879632949829,7.960000000000001,94.95882352941177,952.9375,2
1,validation_980_5pct,SAFERES,17.052733858191502,242,26,216,205,183,183,75.6198347107438,94,38.84297520661157,66,0,0.0,27.272727272727273,35,14.462809917355372,94,38.84297520661157,59,59,35,35,0,0,7.419512195121952,7.419512195121952,2876.0,0,0.0,0.1849999999999999,0.1849999999999999,22.199999999999985,120,11360000000.0,26680000000.0,38040000000.0,11.36,26.68,38.04,29.863301787592007,225.19510422234086,1.4827365045430252,0.21333333333333335,0.21333333333333274,0.0,simulated_ring_packets_on_fat_tree_links,0.3,True,922.2620636672812,17.531147003173828,16.320000000000007,91.065,953.08203125,2
1,validation_980_5pct,MARL,45.249743709584244,242,26,216,259,214,214,88.4297520661157,29,11.983471074380166,1,2,0.8264462809917356,0.4132231404958678,1,0.4132231404958678,29,11.983471074380166,28,28,1,1,20,20,0.6988416988416989,0.6988416988416989,388.0,0,0.0,0.36613198118674095,0.36613198118674095,43.935837742408914,120,27400000000.0,48840000000.0,76240000000.0,27.4,48.84,76.24,35.93913955928647,525.1035523682444,1.4841106197058993,0.4266666666666667,0.21437101607101555,0.0,simulated_ring_packets_on_fat_tree_links,0.3,True,1121.8945971395365,17.70023202896118,18.0,100.24,1116.9765625,2
1,validation_980_5pct,MARL_POINT,45.1117559131264,242,26,216,267,213,213,88.01652892561984,30,12.396694214876034,0,2,0.8264462809917356,0.0,1,0.4132231404958678,30,12.396694214876034,29,29,1,1,28,28,0.6441947565543071,0.6441947565543071,376.0,0,0.0,0.40266748602772945,0.40266748602772945,48.320098323327535,120,30240000000.0,45760000000.0,76000000000.0,30.24,45.76,76.0,39.78947368421053,507.16238842972126,1.4841106197058993,0.4266666666666667,0.21470034637812357,0.0,simulated_ring_packets_on_fat_tree_links,0.3,True,1125.1700546640457,17.21494436264038,17.310000000000002,100.40333333333334,1122.9375,2
1,validation_990_1pct,RANDOM,-2.375197423671703,46,2,44,46,44,44,95.65217391304348,2,4.3478260869565215,0,0,0.0,0.0,0,0.0,2,4.3478260869565215,2,2,0,0,0,0,0.0,0.0,46.0,0,0.0,0.0,0.0,0.0,120,0.0,480000000.0,480000000.0,0.0,0.48,0.48,0.0,2.7254730090860506,0.6813682522715127,0.21333333333333335,0.0071111111111111115,0.0,simulated_ring_packets_on_fat_tree_links,0.3,True,454.5040855423161,1.4724195003509521,1.8599999999999994,182.24800000000002,873.59375,2
1,validation_990_1pct,SPREAD,-2.375197423671703,46,2,44,46,44,44,95.65217391304348,2,4.3478260869565215,0,0,0.0,0.0,0,0.0,2,4.3478260869565215,2,2,0,0,0,0,0.0,0.0,46.0,0,0.0,0.0,0.0,0.0,120,0.0,480000000.0,480000000.0,0.0,0.48,0.48,0.0,2.7254730090860506,0.6813682522715127,0.21333333333333335,0.0071111111111111115,0.0,simulated_ring_packets_on_fat_tree_links,0.3,True,454.5040855423161,2.284435749053955,2.020000000000003,137.9716216216216,894.01171875,2
1,validation_990_1pct,EPOBF,-2.375197423671704,46,2,44,46,44,44,95.65217391304348,2,4.3478260869565215,0,0,0.0,0.0,0,0.0,2,4.3478260869565215,2,2,0,0,0,0,0.0,0.0,46.0,0,0.0,0.0,0.0,0.0,120,0.0,480000000.0,480000000.0,0.0,0.48,0.48,0.0,2.7254730090860506,0.6813682522715127,0.21333333333333335,0.0071111111111111115,0.0,simulated_ring_packets_on_fat_tree_links,0.3,True,454.50408554231615,1.4144666194915771,1.2100000000000044,152.4318181818182,898.66796875,2
1,validation_990_1pct,RPA,-2.387957840338382,46,2,44,47,44,44,95.65217391304348,2,4.3478260869565215,0,0,0.0,0.0,0,0.0,2,4.3478260869565215,2,2,0,0,1,1,0.06382978723404255,0.06382978723404255,48.0,0,0.0,0.0,0.0,0.0,120,0.0,480000000.0,480000000.0,0.0,0.48,0.48,0.0,2.7254730090860506,0.6813682522715127,0.21333333333333335,0.0071111111111111115,0.0,simulated_ring_packets_on_fat_tree_links,0.3,True,454.5040855423167,1.3015811443328857,1.5199999999999996,184.86124999999998,922.5546875,2
1,validation_990_1pct,SAFERES,-3.0177568994337034,46,2,44,44,42,42,91.30434782608695,4,8.695652173913043,1,0,0.0,2.1739130434782608,0,0.0,4,8.695652173913043,4,4,0,0,0,0,0.0,0.0,119.0,0,0.0,0.0,0.0,0.0,120,0.0,80000000.0,80000000.0,0.0,0.08,0.08,0.0,0.6813682522715127,0.6813682522715127,0.21333333333333335,0.0017777777777777779,0.0,simulated_ring_packets_on_fat_tree_links,0.3,True,453.8165541198078,3.494255304336548,2.7900000000000063,97.98380952380951,921.4375,2
1,validation_990_1pct,MARL,-2.375197423671703,46,2,44,46,44,44,95.65217391304348,2,4.3478260869565215,0,0,0.0,0.0,0,0.0,2,4.3478260869565215,2,2,0,0,0,0,0.0,0.0,46.0,0,0.0,0.0,0.0,0.0,120,0.0,480000000.0,480000000.0,0.0,0.48,0.48,0.0,2.7254730090860506,0.6813682522715127,0.21333333333333335,0.0071111111111111115,0.0,simulated_ring_packets_on_fat_tree_links,0.3,True,454.5040855423161,5.5244152545928955,4.759999999999998,152.67916666666667,1051.77734375,2
1,validation_990_1pct,MARL_POINT,-2.375197423671705,46,2,44,46,44,44,95.65217391304348,2,4.3478260869565215,0,0,0.0,0.0,0,0.0,2,4.3478260869565215,2,2,0,0,0,0,0.0,0.0,46.0,0,0.0,0.0,0.0,0.0,120,0.0,480000000.0,480000000.0,0.0,0.48,0.48,0.0,2.7254730090860506,0.6813682522715127,0.21333333333333335,0.0071111111111111115,0.0,simulated_ring_packets_on_fat_tree_links,0.3,True,454.5040855423162,4.8866353034973145,4.399999999999999,90.91271186440679,1057.09375,2
1,validation_990_5pct,RANDOM,12.76021446934352,235,21,214,235,214,214,91.06382978723404,21,8.936170212765957,0,0,0.0,0.0,0,0.0,21,8.936170212765957,21,21,0,0,0,0,0.0,0.0,233.0,38454,1.3352083333333333,0.3265582833345991,0.3265582833345991,39.18699400015189,120,15120000000.0,24320000000.0,39440000000.0,15.12,24.32,39.44,38.33671399594321,333.86802779262445,1.4827365045430252,0.21333333333333335,0.2097777777777772,0.0,simulated_ring_packets_on_fat_tree_links,0.3,True,839.4567827082565,4.6120336055755615,4.490000000000002,101.74827586206897,934.265625,2
1,validation_990_5pct,SPREAD,15.250353277708976,235,21,214,235,214,214,91.06382978723404,21,8.936170212765957,0,0,0.0,0.0,0,0.0,21,8.936170212765957,21,21,0,0,0,0,0.0,0.0,233.0,30958,1.0749305555555555,0.33275597453229033,0.33275597453229033,39.93071694387484,120,15520000000.0,23920000000.0,39440000000.0,15.52,23.92,39.44,39.350912778904664,337.0735008017105,1.4827365045430252,0.21333333333333335,0.2097777777777772,0.0,simulated_ring_packets_on_fat_tree_links,0.3,True,839.8628375112261,9.518539428710938,8.309999999999995,94.28260869565217,944.46484375,2
1,validation_990_5pct,EPOBF,12.644283568617784,235,21,214,235,214,214,91.06382978723404,21,8.936170212765957,0,0,0.0,0.0,0,0.0,21,8.936170212765957,21,21,0,0,0,0,0.0,0.0,233.0,38795,1.347048611111111,0.32770306447938036,0.32770306447938036,39.32436773752564,120,15200000000.0,24240000000.0,39440000000.0,15.2,24.24,39.44,38.5395537525355,334.67077016005885,1.4834235621244622,0.4266666666666667,0.2098888888888883,0.0,simulated_ring_packets_on_fat_tree_links,0.3,True,839.5538587197381,4.2807769775390625,3.8400000000000034,95.17610619469026,944.47265625,2
1,validation_990_5pct,RPA,25.31827426807737,235,21,214,239,214,214,91.06382978723404,21,8.936170212765957,0,0,0.0,0.0,0,0.0,21,8.936170212765957,21,21,0,0,4,4,0.06694560669456066,0.06694560669456066,241.0,0,0.0,0.3648191659704817,0.3648191659704817,43.778299916457804,120,17160000000.0,21960000000.0,39120000000.0,17.16,21.96,39.12,43.86503067484663,331.7052971509728,1.4834235621244622,0.4266666666666667,0.20984126984126925,0.0,simulated_ring_packets_on_fat_tree_links,0.3,True,840.9469485011789,4.388071775436401,4.3400000000000105,99.44561403508771,953.7265625,2
1,validation_990_5pct,SAFERES,13.892838623076258,235,21,214,221,202,202,85.95744680851064,37,15.74468085106383,13,0,0.0,5.531914893617022,4,1.702127659574468,37,15.74468085106383,33,33,4,4,0,0,1.5203619909502262,1.5203619909502262,974.0,9663,0.3355208333333333,0.29629629629629645,0.29629629629629645,35.55555555555557,120,10040000000.0,18320000000.0,28360000000.0,10.04,18.32,28.36,35.40197461212976,246.5065740245859,1.4827365045430252,0.21333333333333335,0.2097777777777772,0.0,simulated_ring_packets_on_fat_tree_links,0.3,True,781.594171442689,9.970849990844727,8.909999999999997,89.92844827586208,953.75,2
1,validation_990_5pct,MARL,25.43107424336987,235,21,214,239,214,214,91.06382978723404,21,8.936170212765957,0,0,0.0,0.0,0,0.0,21,8.936170212765957,21,21,0,0,4,4,0.0502092050209205,0.0502092050209205,237.0,0,0.0,0.34346367813473083,0.34346367813473083,41.2156413761677,120,15960000000.0,23320000000.0,39280000000.0,15.96,23.32,39.28,40.63136456211813,331.5852971509728,1.4834235621244622,0.4266666666666667,0.20987654320987598,0.0,simulated_ring_packets_on_fat_tree_links,0.3,True,840.1956484535519,13.91375470161438,13.239999999999995,92.01416666666667,1107.9375,2
1,validation_990_5pct,MARL_POINT,25.410861847641208,235,21,214,242,214,214,91.06382978723404,21,8.936170212765957,0,0,0.0,0.0,0,0.0,21,8.936170212765957,21,21,0,0,7,7,0.08677685950413223,0.08677685950413223,240.0,0,0.0,0.3409417483101694,0.3409417483101694,40.913009797220326,120,15800000000.0,23480000000.0,39280000000.0,15.8,23.48,39.28,40.224032586558046,331.5852971509728,1.4834235621244622,0.4266666666666667,0.2098488888888883,0.0,simulated_ring_packets_on_fat_tree_links,0.3,True,840.062615888595,14.250490665435791,13.58999999999999,93.58500000000001,1110.98828125,2
2,validation_1010_1pct,RANDOM,-10.457509117963024,41,5,36,41,36,36,87.8048780487805,5,12.195121951219512,0,0,0.0,0.0,0,0.0,5,12.195121951219512,5,5,0,0,0,0,0.0,0.0,41.0,55583,1.9299652777777778,0.31430555555555567,0.31430555555555567,37.71666666666668,120,13040000000.0,24880000000.0,37920000000.0,13.04,24.88,37.92,34.38818565400844,184.10343132014978,1.4827365045430252,0.21333333333333335,0.19199999999999953,0.0,simulated_ring_packets_on_fat_tree_links,0.3,True,563.6274158409539,1.40476655960083,1.7899999999999956,175.9620253164557,880.60546875,2
2,validation_1010_1pct,SPREAD,-10.457509117963019,41,5,36,41,36,36,87.8048780487805,5,12.195121951219512,0,0,0.0,0.0,0,0.0,5,12.195121951219512,5,5,0,0,0,0,0.0,0.0,41.0,55583,1.9299652777777778,0.31430555555555567,0.31430555555555567,37.71666666666668,120,13040000000.0,24880000000.0,37920000000.0,13.04,24.88,37.92,34.38818565400844,184.10343132014978,1.4827365045430252,0.21333333333333335,0.19199999999999953,0.0,simulated_ring_packets_on_fat_tree_links,0.3,True,563.6274158409537,2.2201504707336426,1.870000000000001,142.02236842105265,895.1015625,2
2,validation_1010_1pct,EPOBF,-10.457509117963022,41,5,36,41,36,36,87.8048780487805,5,12.195121951219512,0,0,0.0,0.0,0,0.0,5,12.195121951219512,5,5,0,0,0,0,0.0,0.0,41.0,55583,1.9299652777777778,0.31430555555555567,0.31430555555555567,37.71666666666668,120,13040000000.0,24880000000.0,37920000000.0,13.04,24.88,37.92,34.38818565400844,184.10343132014978,1.4827365045430252,0.21333333333333335,0.19199999999999953,0.0,simulated_ring_packets_on_fat_tree_links,0.3,True,563.6274158409539,1.378607988357544,1.2699999999999996,155.03880597014927,906.76953125,2
2,validation_1010_1pct,RPA,7.71226586703227,41,5,36,43,36,36,87.8048780487805,5,12.195121951219512,0,0,0.0,0.0,0,0.0,5,12.195121951219512,5,5,0,0,2,2,0.20930232558139536,0.20930232558139536,45.0,0,0.0,0.4144444444444442,0.4144444444444442,49.733333333333306,120,17360000000.0,19920000000.0,37280000000.0,17.36,19.92,37.28,46.566523605150216,185.94616782469282,1.4827365045430252,0.21333333333333335,0.18844444444444397,0.0,simulated_ring_packets_on_fat_tree_links,0.3,True,566.8252744403986,1.4365224838256836,1.490000000000002,154.43896103896103,929.69921875,2
2,validation_1010_1pct,SAFERES,-4.788188765664755,41,5,36,39,35,35,85.36585365853658,6,14.634146341463415,2,0,0.0,4.878048780487805,0,0.0,6,14.634146341463415,6,6,0,0,0,0,0.3076923076923077,0.3076923076923077,247.0,0,0.0,0.004166666666666667,0.004166666666666667,0.5,120,80000000.0,2160000000.0,2240000000.0,0.08,2.16,2.24,3.5714285714285716,19.198311063602354,1.4827365045430252,0.21333333333333335,0.048000000000000015,0.0,simulated_ring_packets_on_fat_tree_links,0.3,True,441.768218282587,5.275123834609985,4.419999999999998,86.3875,927.9296875,2
2,validation_1010_1pct,MARL,7.821419063566156,41,5,36,43,36,36,87.8048780487805,5,12.195121951219512,0,0,0.0,0.0,0,0.0,5,12.195121951219512,5,5,0,0,2,2,0.16279069767441862,0.16279069767441862,43.0,0,0.0,0.4186111111111109,0.4186111111111109,50.233333333333306,120,17520000000.0,20080000000.0,37600000000.0,17.52,20.08,37.6,46.59574468085106,187.42890432923585,1.4827365045430252,0.21333333333333335,0.19022222222222174,0.0,simulated_ring_packets_on_fat_tree_links,0.3,True,568.216423580919,5.216467618942261,4.339999999999996,83.84695652173913,1057.40625,2
2,validation_1010_1pct,MARL_POINT,7.8214190635661645,41,5,36,43,36,36,87.8048780487805,5,12.195121951219512,0,0,0.0,0.0,0,0.0,5,12.195121951219512,5,5,0,0,2,2,0.16279069767441862,0.16279069767441862,43.0,0,0.0,0.4186111111111109,0.4186111111111109,50.233333333333306,120,17520000000.0,20080000000.0,37600000000.0,17.52,20.08,37.6,46.59574468085106,187.42890432923585,1.4827365045430252,0.21333333333333335,0.19022222222222174,0.0,simulated_ring_packets_on_fat_tree_links,0.3,True,568.2164235809186,5.156616926193237,4.22999999999999,84.51261261261261,1076.34375,2
2,validation_980_1pct,RANDOM,-1.2826048548676146,56,8,48,56,48,48,85.71428571428571,8,14.285714285714286,0,0,0.0,0.0,0,0.0,8,14.285714285714286,8,8,0,0,0,0,0.0,0.0,55.0,23455,0.8144097222222222,0.19992514430014433,0.19992514430014433,23.99101731601732,120,7240000000.0,15360000000.0,22600000000.0,7.24,15.36,22.6,32.0353982300885,138.50270443613041,1.4827365045430252,0.21333333333333335,0.15288888888888863,0.0,simulated_ring_packets_on_fat_tree_links,0.3,True,572.8049175122147,1.6830329895019531,1.9499999999999957,145.16704545454547,899.15625,2
2,validation_980_1pct,SPREAD,-0.43327152153427917,56,8,48,56,48,48,85.71428571428571,8,14.285714285714286,0,0,0.0,0.0,0,0.0,8,14.285714285714286,8,8,0,0,0,0,0.0,0.0,55.0,20907,0.7259375,0.19992514430014433,0.19992514430014433,23.99101731601732,120,7240000000.0,15360000000.0,22600000000.0,7.24,15.36,22.6,32.0353982300885,138.50270443613041,1.4827365045430252,0.21333333333333335,0.15288888888888863,0.0,simulated_ring_packets_on_fat_tree_links,0.3,True,572.8049175122146,2.818571090698242,2.349999999999998,123.03164556962025,905.45703125,2
2,validation_980_1pct,EPOBF,-0.43327152153427784,56,8,48,56,48,48,85.71428571428571,8,14.285714285714286,0,0,0.0,0.0,0,0.0,8,14.285714285714286,8,8,0,0,0,0,0.0,0.0,55.0,20907,0.7259375,0.19992514430014433,0.19992514430014433,23.99101731601732,120,7240000000.0,15360000000.0,22600000000.0,7.24,15.36,22.6,32.0353982300885,138.50270443613041,1.4827365045430252,0.21333333333333335,0.15288888888888863,0.0,simulated_ring_packets_on_fat_tree_links,0.3,True,572.8049175122145,1.6018776893615723,1.4600000000000009,126.4566265060241,906.34765625,2
2,validation_980_1pct,RPA,6.16863784560789,56,8,48,61,48,48,85.71428571428571,8,14.285714285714286,0,0,0.0,0.0,0,0.0,8,14.285714285714286,8,8,0,0,5,5,0.3442622950819672,0.3442622950819672,65.0,0,0.0,0.2315322871572872,0.2315322871572872,27.78387445887446,120,8280000000.0,13680000000.0,21960000000.0,8.28,13.68,21.96,37.704918032786885,135.53723142704436,1.4827365045430252,0.21333333333333335,0.14933333333333312,0.0,simulated_ring_packets_on_fat_tree_links,0.3,True,572.0402997598345,1.7011957168579102,1.8399999999999963,135.28315789473683,929.71875,2
2,validation_980_1pct,SAFERES,-1.2055046150016004,56,8,48,49,42,42,75.0,15,26.785714285714285,8,0,0.0,14.285714285714286,1,1.7857142857142858,15,26.785714285714285,14,14,1,1,0,0,0.40816326530612246,0.40816326530612246,483.0,1926,0.066875,0.08859788359788358,0.08859788359788358,10.63174603174603,120,3040000000.0,5920000000.0,8960000000.0,3.04,5.92,8.96,33.92857142857143,61.23766969535009,1.4827365045430252,0.21333333333333335,0.10133333333333336,0.0,simulated_ring_packets_on_fat_tree_links,0.3,True,520.6287019761663,7.024950981140137,6.030000000000008,87.16016949152542,934.02734375,2
2,validation_980_1pct,MARL,6.321209976987527,56,8,48,60,48,48,85.71428571428571,8,14.285714285714286,0,0,0.0,0.0,0,0.0,8,14.285714285714286,8,8,0,0,4,4,0.23333333333333334,0.23333333333333334,59.0,0,0.0,0.235341810966811,0.235341810966811,28.24101731601732,120,8440000000.0,13840000000.0,22280000000.0,8.44,13.84,22.28,37.881508078994614,137.02134204675028,1.4834235621244622,0.4266666666666667,0.15119576719576694,0.0,simulated_ring_packets_on_fat_tree_links,0.3,True,574.0190457268219,6.516769886016846,5.550000000000004,81.68813559322035,1084.5390625,2
2,validation_980_1pct,MARL_POINT,6.30156535172998,56,8,48,61,48,48,85.71428571428571,8,14.285714285714286,0,0,0.0,0.0,0,0.0,8,14.285714285714286,8,8,0,0,5,5,0.26229508196721313,0.26229508196721313,60.0,0,0.0,0.235341810966811,0.235341810966811,28.24101731601732,120,8440000000.0,13840000000.0,22280000000.0,8.44,13.84,22.28,37.881508078994614,137.0199679315874,1.4827365045430252,0.21333333333333335,0.15111111111111086,0.0,simulated_ring_packets_on_fat_tree_links,0.3,True,573.8383922610824,6.309469699859619,5.329999999999998,80.53193277310923,1086.11328125,2
2,validation_980_5pct,RANDOM,-4.1638818474130765,242,26,216,239,212,212,87.60330578512396,31,12.809917355371901,1,0,0.0,0.4132231404958678,1,0.4132231404958678,31,12.809917355371901,30,30,1,1,0,0,0.3891213389121339,0.3891213389121339,339.0,155545,5.400868055555556,0.4637217569943207,0.4637217569943207,55.646610839318484,120,40160000000.0,43560000000.0,83720000000.0,40.16,43.56,83.72,47.96942188246536,617.2556224068943,1.4841106197058993,0.4266666666666667,0.221782349370426,0.0,simulated_ring_packets_on_fat_tree_links,0.3,True,1171.8712967274043,5.178946495056152,4.91,99.90588235294118,945.55859375,2
2,validation_980_5pct,SPREAD,-23.01925767146437,242,26,216,237,211,211,87.1900826446281,33,13.636363636363637,3,0,0.0,1.2396694214876034,2,0.8264462809917356,33,13.636363636363637,31,31,2,2,0,0,0.43037974683544306,0.43037974683544306,414.0,207902,7.218819444444445,0.6091192467165,0.6091192467165,73.09430960598,120,52400000000.0,29520000000.0,81920000000.0,52.4,29.52,81.92,63.96484375,663.9854389450527,1.4848006276151149,0.64,0.22959912081106915,0.0,simulated_ring_packets_on_fat_tree_links,0.3,True,1187.4391556596997,10.608855962753296,9.279999999999998,94.0635593220339,965.77734375,2
2,validation_980_5pct,EPOBF,-21.511430812091934,242,26,216,241,214,214,88.4297520661157,29,11.983471074380166,1,0,0.0,0.4132231404958678,1,0.4132231404958678,29,11.983471074380166,28,28,1,1,0,0,0.3900414937759336,0.3900414937759336,340.0,206181,7.1590625,0.5334689297980144,0.5334689297980144,64.01627157576173,120,46720000000.0,35920000000.0,82640000000.0,46.72,35.92,82.64,56.53436592449177,631.4269013960729,1.4841106197058993,0.4266666666666667,0.22421202398312529,0.0,simulated_ring_packets_on_fat_tree_links,0.3,True,1179.5326783230366,5.087301015853882,4.510000000000005,91.77565217391304,953.84765625,2
2,validation_980_5pct,RPA,41.76134038569815,242,26,216,264,213,213,88.01652892561984,37,15.289256198347108,8,5,2.0661157024793386,3.3057851239669422,8,3.3057851239669422,37,15.289256198347108,29,29,8,8,24,24,1.7386363636363635,1.7386363636363635,621.0,0,0.0,0.5307828225262153,0.5307828225262153,63.69393870314585,120,37800000000.0,32800000000.0,70600000000.0,37.8,32.8,70.6,53.54107648725213,555.6552044812179,1.4841106197058993,0.4266666666666667,0.22031454717633966,0.0,simulated_ring_packets_on_fat_tree_links,0.3,True,1116.7315252452574,7.300501108169556,6.890000000000001,95.55042016806723,970.62109375,2
2,validation_980_5pct,SAFERES,17.053205452705942,242,26,216,205,183,183,75.6198347107438,94,38.84297520661157,66,0,0.0,27.272727272727273,35,14.462809917355372,94,38.84297520661157,59,59,35,35,0,0,7.419512195121952,7.419512195121952,2876.0,0,0.0,0.1849999999999999,0.1849999999999999,22.199999999999985,120,11360000000.0,26680000000.0,38040000000.0,11.36,26.68,38.04,29.863301787592007,225.19510422234086,1.4827365045430252,0.21333333333333335,0.21333333333333274,0.0,simulated_ring_packets_on_fat_tree_links,0.3,True,922.2620636672812,16.021422147750854,14.730000000000004,90.5525,955.4453125,2
2,validation_980_5pct,MARL,45.58873005877085,242,26,216,271,214,214,88.4297520661157,30,12.396694214876034,1,1,0.4132231404958678,0.4132231404958678,2,0.8264462809917356,30,12.396694214876034,28,28,2,2,31,31,0.8154981549815498,0.8154981549815498,378.0,1168,0.04055555555555555,0.41138505076674226,0.41138505076674226,49.36620609200907,120,31440000000.0,47320000000.0,78760000000.0,31.44,47.32,78.76,39.918740477399695,519.3298463939639,1.4841106197058993,0.4266666666666667,0.2142577808652482,0.0,simulated_ring_packets_on_fat_tree_links,0.3,True,1138.1261423102203,16.671640872955322,16.33,98.32083333333334,1118.80078125,2
2,validation_980_5pct,MARL_POINT,44.43291960635374,242,26,216,261,213,213,88.01652892561984,29,11.983471074380166,0,2,0.8264462809917356,0.0,0,0.0,29,11.983471074380166,29,29,0,0,22,22,0.6934865900383141,0.6934865900383141,396.0,245,0.008506944444444444,0.4560123272510036,0.4560123272510036,54.72147927012043,120,34760000000.0,39880000000.0,74640000000.0,34.76,39.88,74.64,46.57020364415863,524.81531940305,1.4841106197058993,0.4266666666666667,0.2142576011332625,0.0,simulated_ring_packets_on_fat_tree_links,0.3,True,1129.059984621626,16.374791622161865,16.249999999999986,187.92314049586778,1120.22265625,2
2,validation_990_1pct,RANDOM,-2.375132560999072,46,2,44,46,44,44,95.65217391304348,2,4.3478260869565215,0,0,0.0,0.0,0,0.0,2,4.3478260869565215,2,2,0,0,0,0,0.0,0.0,46.0,0,0.0,0.0,0.0,0.0,120,0.0,480000000.0,480000000.0,0.0,0.48,0.48,0.0,2.7254730090860506,0.6813682522715127,0.21333333333333335,0.0071111111111111115,0.0,simulated_ring_packets_on_fat_tree_links,0.3,True,454.5040855423161,1.453035593032837,1.6400000000000041,172.17162162162163,882.76953125,2
2,validation_990_1pct,SPREAD,-2.375132560999072,46,2,44,46,44,44,95.65217391304348,2,4.3478260869565215,0,0,0.0,0.0,0,0.0,2,4.3478260869565215,2,2,0,0,0,0,0.0,0.0,46.0,0,0.0,0.0,0.0,0.0,120,0.0,480000000.0,480000000.0,0.0,0.48,0.48,0.0,2.7254730090860506,0.6813682522715127,0.21333333333333335,0.0071111111111111115,0.0,simulated_ring_packets_on_fat_tree_links,0.3,True,454.5040855423161,2.3591740131378174,1.9600000000000009,145.51232876712328,900.63671875,2
2,validation_990_1pct,EPOBF,-2.3751325609990728,46,2,44,46,44,44,95.65217391304348,2,4.3478260869565215,0,0,0.0,0.0,0,0.0,2,4.3478260869565215,2,2,0,0,0,0,0.0,0.0,46.0,0,0.0,0.0,0.0,0.0,120,0.0,480000000.0,480000000.0,0.0,0.48,0.48,0.0,2.7254730090860506,0.6813682522715127,0.21333333333333335,0.0071111111111111115,0.0,simulated_ring_packets_on_fat_tree_links,0.3,True,454.50408554231615,1.3764593601226807,1.2399999999999984,145.24558823529412,903.46484375,2
2,validation_990_1pct,RPA,-2.387892977665751,46,2,44,47,44,44,95.65217391304348,2,4.3478260869565215,0,0,0.0,0.0,0,0.0,2,4.3478260869565215,2,2,0,0,1,1,0.06382978723404255,0.06382978723404255,48.0,0,0.0,0.0,0.0,0.0,120,0.0,480000000.0,480000000.0,0.0,0.48,0.48,0.0,2.7254730090860506,0.6813682522715127,0.21333333333333335,0.0071111111111111115,0.0,simulated_ring_packets_on_fat_tree_links,0.3,True,454.5040855423167,1.3972012996673584,1.4399999999999977,164.67105263157896,930.21484375,2
2,validation_990_1pct,SAFERES,-3.017627174088442,46,2,44,44,42,42,91.30434782608695,4,8.695652173913043,1,0,0.0,2.1739130434782608,0,0.0,4,8.695652173913043,4,4,0,0,0,0,0.0,0.0,119.0,0,0.0,0.0,0.0,0.0,120,0.0,80000000.0,80000000.0,0.0,0.08,0.08,0.0,0.6813682522715127,0.6813682522715127,0.21333333333333335,0.0017777777777777779,0.0,simulated_ring_packets_on_fat_tree_links,0.3,True,453.8165541198078,3.780644416809082,2.91,90.79,928.71484375,2
2,validation_990_1pct,MARL,-2.3751325609990728,46,2,44,46,44,44,95.65217391304348,2,4.3478260869565215,0,0,0.0,0.0,0,0.0,2,4.3478260869565215,2,2,0,0,0,0,0.0,0.0,46.0,0,0.0,0.0,0.0,0.0,120,0.0,480000000.0,480000000.0,0.0,0.48,0.48,0.0,2.7254730090860506,0.6813682522715127,0.21333333333333335,0.0071111111111111115,0.0,simulated_ring_packets_on_fat_tree_links,0.3,True,454.50408554231615,5.348587274551392,4.399999999999999,84.19568965517242,1060.19921875,2
2,validation_990_1pct,MARL_POINT,-2.3751325609990737,46,2,44,46,44,44,95.65217391304348,2,4.3478260869565215,0,0,0.0,0.0,0,0.0,2,4.3478260869565215,2,2,0,0,0,0,0.0,0.0,46.0,0,0.0,0.0,0.0,0.0,120,0.0,480000000.0,480000000.0,0.0,0.48,0.48,0.0,2.7254730090860506,0.6813682522715127,0.21333333333333335,0.0071111111111111115,0.0,simulated_ring_packets_on_fat_tree_links,0.3,True,454.5040855423162,5.4798197746276855,4.440000000000005,80.73965517241379,1064.3828125,2
2,validation_990_5pct,RANDOM,12.760347782836629,235,21,214,235,214,214,91.06382978723404,21,8.936170212765957,0,0,0.0,0.0,0,0.0,21,8.936170212765957,21,21,0,0,0,0,0.0,0.0,233.0,38454,1.3352083333333333,0.3265582833345991,0.3265582833345991,39.18699400015189,120,15120000000.0,24320000000.0,39440000000.0,15.12,24.32,39.44,38.33671399594321,333.86802779262445,1.4827365045430252,0.21333333333333335,0.2097777777777772,0.0,simulated_ring_packets_on_fat_tree_links,0.3,True,839.4567827082565,4.111631631851196,3.870000000000001,96.96324786324787,927.8828125,2
2,validation_990_5pct,SPREAD,15.250486591202085,235,21,214,235,214,214,91.06382978723404,21,8.936170212765957,0,0,0.0,0.0,0,0.0,21,8.936170212765957,21,21,0,0,0,0,0.0,0.0,233.0,30958,1.0749305555555555,0.33275597453229033,0.33275597453229033,39.93071694387484,120,15520000000.0,23920000000.0,39440000000.0,15.52,23.92,39.44,39.350912778904664,337.0735008017105,1.4827365045430252,0.21333333333333335,0.2097777777777772,0.0,simulated_ring_packets_on_fat_tree_links,0.3,True,839.8628375112261,8.774297714233398,7.340000000000003,89.02051282051282,943.44921875,2
2,validation_990_5pct,EPOBF,12.644416882110894,235,21,214,235,214,214,91.06382978723404,21,8.936170212765957,0,0,0.0,0.0,0,0.0,21,8.936170212765957,21,21,0,0,0,0,0.0,0.0,233.0,38795,1.347048611111111,0.32770306447938036,0.32770306447938036,39.32436773752564,120,15200000000.0,24240000000.0,39440000000.0,15.2,24.24,39.44,38.5395537525355,334.67077016005885,1.4834235621244622,0.4266666666666667,0.2098888888888883,0.0,simulated_ring_packets_on_fat_tree_links,0.3,True,839.5538587197381,3.964137077331543,3.469999999999999,92.34684684684684,938.19140625,2
2,validation_990_5pct,RPA,25.31840758157048,235,21,214,239,214,214,91.06382978723404,21,8.936170212765957,0,0,0.0,0.0,0,0.0,21,8.936170212765957,21,21,0,0,4,4,0.06694560669456066,0.06694560669456066,241.0,0,0.0,0.3648191659704817,0.3648191659704817,43.778299916457804,120,17160000000.0,21960000000.0,39120000000.0,17.16,21.96,39.12,43.86503067484663,331.7052971509728,1.4834235621244622,0.4266666666666667,0.20984126984126925,0.0,simulated_ring_packets_on_fat_tree_links,0.3,True,840.9469485011789,3.9501821994781494,3.789999999999999,98.5713043478261,952.78125,2
2,validation_990_5pct,SAFERES,13.893060812231441,235,21,214,221,202,202,85.95744680851064,37,15.74468085106383,13,0,0.0,5.531914893617022,4,1.702127659574468,37,15.74468085106383,33,33,4,4,0,0,1.5203619909502262,1.5203619909502262,974.0,9663,0.3355208333333333,0.29629629629629645,0.29629629629629645,35.55555555555557,120,10040000000.0,18320000000.0,28360000000.0,10.04,18.32,28.36,35.40197461212976,246.5065740245859,1.4827365045430252,0.21333333333333335,0.2097777777777772,0.0,simulated_ring_packets_on_fat_tree_links,0.3,True,781.594171442689,9.503781080245972,8.190000000000005,89.14201680672268,952.78515625,2
2,validation_990_5pct,MARL,25.35367295605669,235,21,214,241,214,214,91.06382978723404,21,8.936170212765957,0,0,0.0,0.0,0,0.0,21,8.936170212765957,21,21,0,0,6,6,0.07883817427385892,0.07883817427385892,239.0,192,0.006666666666666667,0.3435806371990583,0.3435806371990583,41.229676463886996,120,15960000000.0,23320000000.0,39280000000.0,15.96,23.32,39.28,40.63136456211813,331.5866712661357,1.4834235621244622,0.4266666666666667,0.20994765432098708,0.0,simulated_ring_packets_on_fat_tree_links,0.3,True,840.098570411869,13.130080223083496,11.950000000000003,89.84873949579831,1111.62109375,2
2,validation_990_5pct,MARL_POINT,25.398860226985043,235,21,214,242,214,214,91.06382978723404,21,8.936170212765957,0,0,0.0,0.0,0,0.0,21,8.936170212765957,21,21,0,0,7,7,0.09504132231404959,0.09504132231404959,240.0,0,0.0,0.3409417483101694,0.3409417483101694,40.913009797220326,120,15800000000.0,23480000000.0,39280000000.0,15.8,23.48,39.28,40.224032586558046,331.5839230358099,1.4827365045430252,0.21333333333333335,0.2097777777777772,0.0,simulated_ring_packets_on_fat_tree_links,0.3,True,839.884270067178,12.84686827659607,11.790000000000006,90.74117647058824,1117.8984375,2
3,validation_1010_1pct,RANDOM,-10.457551757287398,41,5,36,41,36,36,87.8048780487805,5,12.195121951219512,0,0,0.0,0.0,0,0.0,5,12.195121951219512,5,5,0,0,0,0,0.0,0.0,41.0,55583,1.9299652777777778,0.31430555555555567,0.31430555555555567,37.71666666666668,120,13040000000.0,24880000000.0,37920000000.0,13.04,24.88,37.92,34.38818565400844,184.10343132014978,1.4827365045430252,0.21333333333333335,0.19199999999999953,0.0,simulated_ring_packets_on_fat_tree_links,0.3,True,563.6274158409539,1.695481300354004,2.3200000000000003,174.7032967032967,900.7890625,2
3,validation_1010_1pct,SPREAD,-10.457551757287392,41,5,36,41,36,36,87.8048780487805,5,12.195121951219512,0,0,0.0,0.0,0,0.0,5,12.195121951219512,5,5,0,0,0,0,0.0,0.0,41.0,55583,1.9299652777777778,0.31430555555555567,0.31430555555555567,37.71666666666668,120,13040000000.0,24880000000.0,37920000000.0,13.04,24.88,37.92,34.38818565400844,184.10343132014978,1.4827365045430252,0.21333333333333335,0.19199999999999953,0.0,simulated_ring_packets_on_fat_tree_links,0.3,True,563.6274158409537,2.24031662940979,2.0199999999999996,139.19615384615383,906.47265625,2
3,validation_1010_1pct,EPOBF,-10.457551757287396,41,5,36,41,36,36,87.8048780487805,5,12.195121951219512,0,0,0.0,0.0,0,0.0,5,12.195121951219512,5,5,0,0,0,0,0.0,0.0,41.0,55583,1.9299652777777778,0.31430555555555567,0.31430555555555567,37.71666666666668,120,13040000000.0,24880000000.0,37920000000.0,13.04,24.88,37.92,34.38818565400844,184.10343132014978,1.4827365045430252,0.21333333333333335,0.19199999999999953,0.0,simulated_ring_packets_on_fat_tree_links,0.3,True,563.6274158409539,1.4474003314971924,1.3799999999999955,156.65,913.01171875,2
3,validation_1010_1pct,RPA,7.712223227707896,41,5,36,43,36,36,87.8048780487805,5,12.195121951219512,0,0,0.0,0.0,0,0.0,5,12.195121951219512,5,5,0,0,2,2,0.20930232558139536,0.20930232558139536,45.0,0,0.0,0.4144444444444442,0.4144444444444442,49.733333333333306,120,17360000000.0,19920000000.0,37280000000.0,17.36,19.92,37.28,46.566523605150216,185.94616782469282,1.4827365045430252,0.21333333333333335,0.18844444444444397,0.0,simulated_ring_packets_on_fat_tree_links,0.3,True,566.8252744403986,1.5012249946594238,1.5800000000000054,151.4025,926.33203125,2
3,validation_1010_1pct,SAFERES,-4.788239932854003,41,5,36,39,35,35,85.36585365853658,6,14.634146341463415,2,0,0.0,4.878048780487805,0,0.0,6,14.634146341463415,6,6,0,0,0,0,0.3076923076923077,0.3076923076923077,247.0,0,0.0,0.004166666666666667,0.004166666666666667,0.5,120,80000000.0,2160000000.0,2240000000.0,0.08,2.16,2.24,3.5714285714285716,19.198311063602354,1.4827365045430252,0.21333333333333335,0.048000000000000015,0.0,simulated_ring_packets_on_fat_tree_links,0.3,True,441.768218282587,6.1050124168396,5.200000000000003,88.02678571428571,944.7109375,2
3,validation_1010_1pct,MARL,7.798720174241792,41,5,36,46,36,36,87.8048780487805,5,12.195121951219512,0,0,0.0,0.0,0,0.0,5,12.195121951219512,5,5,0,0,5,5,0.391304347826087,0.391304347826087,46.0,0,0.0,0.4186111111111109,0.4186111111111109,50.233333333333306,120,17520000000.0,20080000000.0,37600000000.0,17.52,20.08,37.6,46.59574468085106,187.42890432923585,1.4827365045430252,0.21333333333333335,0.19022222222222174,0.0,simulated_ring_packets_on_fat_tree_links,0.3,True,568.2164235809186,6.087810277938843,5.280000000000008,161.55714285714285,1091.7734375,2
3,validation_1010_1pct,MARL_POINT,7.7513736270972435,41,5,36,49,36,36,87.8048780487805,5,12.195121951219512,0,0,0.0,0.0,0,0.0,5,12.195121951219512,5,5,0,0,8,8,0.8163265306122449,0.8163265306122449,49.0,0,0.0,0.4186111111111109,0.4186111111111109,50.233333333333306,120,17520000000.0,20080000000.0,37600000000.0,17.52,20.08,37.6,46.59574468085106,187.42890432923585,1.4827365045430252,0.21333333333333335,0.19022222222222174,0.0,simulated_ring_packets_on_fat_tree_links,0.3,True,567.8593425117025,6.499395370483398,5.740000000000002,88.12773109243697,1092.12109375,2
3,validation_980_1pct,RANDOM,-1.2826548037904528,56,8,48,56,48,48,85.71428571428571,8,14.285714285714286,0,0,0.0,0.0,0,0.0,8,14.285714285714286,8,8,0,0,0,0,0.0,0.0,55.0,23455,0.8144097222222222,0.19992514430014433,0.19992514430014433,23.99101731601732,120,7240000000.0,15360000000.0,22600000000.0,7.24,15.36,22.6,32.0353982300885,138.50270443613041,1.4827365045430252,0.21333333333333335,0.15288888888888863,0.0,simulated_ring_packets_on_fat_tree_links,0.3,True,572.8049175122147,1.9096481800079346,2.4499999999999993,155.0783505154639,890.67578125,2
3,validation_980_1pct,SPREAD,-0.43332147045711733,56,8,48,56,48,48,85.71428571428571,8,14.285714285714286,0,0,0.0,0.0,0,0.0,8,14.285714285714286,8,8,0,0,0,0,0.0,0.0,55.0,20907,0.7259375,0.19992514430014433,0.19992514430014433,23.99101731601732,120,7240000000.0,15360000000.0,22600000000.0,7.24,15.36,22.6,32.0353982300885,138.50270443613041,1.4827365045430252,0.21333333333333335,0.15288888888888863,0.0,simulated_ring_packets_on_fat_tree_links,0.3,True,572.8049175122146,2.8047733306884766,2.6799999999999997,129.44615384615386,898.77734375,2
3,validation_980_1pct,EPOBF,-0.433321470457116,56,8,48,56,48,48,85.71428571428571,8,14.285714285714286,0,0,0.0,0.0,0,0.0,8,14.285714285714286,8,8,0,0,0,0,0.0,0.0,55.0,20907,0.7259375,0.19992514430014433,0.19992514430014433,23.99101731601732,120,7240000000.0,15360000000.0,22600000000.0,7.24,15.36,22.6,32.0353982300885,138.50270443613041,1.4827365045430252,0.21333333333333335,0.15288888888888863,0.0,simulated_ring_packets_on_fat_tree_links,0.3,True,572.8049175122145,1.7864360809326172,1.6900000000000084,127.87613636363636,902.71484375,2
3,validation_980_1pct,RPA,6.168587896685052,56,8,48,61,48,48,85.71428571428571,8,14.285714285714286,0,0,0.0,0.0,0,0.0,8,14.285714285714286,8,8,0,0,5,5,0.3442622950819672,0.3442622950819672,65.0,0,0.0,0.2315322871572872,0.2315322871572872,27.78387445887446,120,8280000000.0,13680000000.0,21960000000.0,8.28,13.68,21.96,37.704918032786885,135.53723142704436,1.4827365045430252,0.21333333333333335,0.14933333333333312,0.0,simulated_ring_packets_on_fat_tree_links,0.3,True,572.0402997598345,1.970116138458252,2.4200000000000017,191.39166666666668,928.09765625,2
3,validation_980_1pct,SAFERES,-1.2055951474242446,56,8,48,49,42,42,75.0,15,26.785714285714285,8,0,0.0,14.285714285714286,1,1.7857142857142858,15,26.785714285714285,14,14,1,1,0,0,0.40816326530612246,0.40816326530612246,483.0,1926,0.066875,0.08859788359788358,0.08859788359788358,10.63174603174603,120,3040000000.0,5920000000.0,8960000000.0,3.04,5.92,8.96,33.92857142857143,61.23766969535009,1.4827365045430252,0.21333333333333335,0.10133333333333336,0.0,simulated_ring_packets_on_fat_tree_links,0.3,True,520.6287019761663,8.234425067901611,7.640000000000001,95.58583333333333,936.17578125,2
3,validation_980_1pct,MARL,6.333613402769742,56,8,48,59,48,48,85.71428571428571,8,14.285714285714286,0,0,0.0,0.0,0,0.0,8,14.285714285714286,8,8,0,0,3,3,0.2033898305084746,0.2033898305084746,58.0,0,0.0,0.235341810966811,0.235341810966811,28.24101731601732,120,8440000000.0,13840000000.0,22280000000.0,8.44,13.84,22.28,37.881508078994614,137.0199679315874,1.4827365045430252,0.21333333333333335,0.15111111111111086,0.0,simulated_ring_packets_on_fat_tree_links,0.3,True,574.019045726822,6.735120058059692,6.75,97.5672268907563,1077.484375,2
3,validation_980_1pct,MARL_POINT,6.321373819436401,56,8,48,60,48,48,85.71428571428571,8,14.285714285714286,0,0,0.0,0.0,0,0.0,8,14.285714285714286,8,8,0,0,4,4,0.23333333333333334,0.23333333333333334,59.0,0,0.0,0.235341810966811,0.235341810966811,28.24101731601732,120,8440000000.0,13840000000.0,22280000000.0,8.44,13.84,22.28,37.881508078994614,137.0199679315874,1.4827365045430252,0.21333333333333335,0.15111111111111086,0.0,simulated_ring_packets_on_fat_tree_links,0.3,True,574.0190457268224,7.2688210010528564,7.019999999999996,93.6725,1079.5,2
3,validation_980_5pct,RANDOM,-4.163925913921447,242,26,216,239,212,212,87.60330578512396,31,12.809917355371901,1,0,0.0,0.4132231404958678,1,0.4132231404958678,31,12.809917355371901,30,30,1,1,0,0,0.3891213389121339,0.3891213389121339,339.0,155545,5.400868055555556,0.4637217569943207,0.4637217569943207,55.646610839318484,120,40160000000.0,43560000000.0,83720000000.0,40.16,43.56,83.72,47.96942188246536,617.2556224068943,1.4841106197058993,0.4266666666666667,0.221782349370426,0.0,simulated_ring_packets_on_fat_tree_links,0.3,True,1171.8712967274043,5.743751764297485,5.57,99.62689075630253,918.3984375,2
3,validation_980_5pct,SPREAD,-23.019303905178074,242,26,216,237,211,211,87.1900826446281,33,13.636363636363637,3,0,0.0,1.2396694214876034,2,0.8264462809917356,33,13.636363636363637,31,31,2,2,0,0,0.43037974683544306,0.43037974683544306,414.0,207902,7.218819444444445,0.6091192467165,0.6091192467165,73.09430960598,120,52400000000.0,29520000000.0,81920000000.0,52.4,29.52,81.92,63.96484375,663.9854389450527,1.4848006276151149,0.64,0.22959912081106915,0.0,simulated_ring_packets_on_fat_tree_links,0.3,True,1187.4391556596997,11.793278455734253,10.520000000000003,90.04537815126051,944.76953125,2
3,validation_980_5pct,EPOBF,-21.5114719889932,242,26,216,241,214,214,88.4297520661157,29,11.983471074380166,1,0,0.0,0.4132231404958678,1,0.4132231404958678,29,11.983471074380166,28,28,1,1,0,0,0.3900414937759336,0.3900414937759336,340.0,206181,7.1590625,0.5334689297980144,0.5334689297980144,64.01627157576173,120,46720000000.0,35920000000.0,82640000000.0,46.72,35.92,82.64,56.53436592449177,631.4269013960729,1.4841106197058993,0.4266666666666667,0.22421202398312529,0.0,simulated_ring_packets_on_fat_tree_links,0.3,True,1179.5326783230366,5.749452590942383,5.210000000000001,91.31282051282052,938.13671875,2
3,validation_980_5pct,RPA,41.76129270718089,242,26,216,264,213,213,88.01652892561984,37,15.289256198347108,8,5,2.0661157024793386,3.3057851239669422,8,3.3057851239669422,37,15.289256198347108,29,29,8,8,24,24,1.7386363636363635,1.7386363636363635,621.0,0,0.0,0.5307828225262153,0.5307828225262153,63.69393870314585,120,37800000000.0,32800000000.0,70600000000.0,37.8,32.8,70.6,53.54107648725213,555.6552044812179,1.4841106197058993,0.4266666666666667,0.22031454717633966,0.0,simulated_ring_packets_on_fat_tree_links,0.3,True,1116.7315252452574,9.136246681213379,8.739999999999995,163.24789915966386,947.34375,2
3,validation_980_5pct,SAFERES,17.053094925234124,242,26,216,205,183,183,75.6198347107438,94,38.84297520661157,66,0,0.0,27.272727272727273,35,14.462809917355372,94,38.84297520661157,59,59,35,35,0,0,7.419512195121952,7.419512195121952,2876.0,0,0.0,0.1849999999999999,0.1849999999999999,22.199999999999985,120,11360000000.0,26680000000.0,38040000000.0,11.36,26.68,38.04,29.863301787592007,225.19510422234086,1.4827365045430252,0.21333333333333335,0.21333333333333274,0.0,simulated_ring_packets_on_fat_tree_links,0.3,True,922.2620636672812,19.589258432388306,18.35000000000001,93.0075,943.29296875,2
3,validation_980_5pct,MARL,43.48306599765779,242,26,216,270,214,214,88.4297520661157,32,13.223140495867769,1,4,1.6528925619834711,0.4132231404958678,4,1.6528925619834711,32,13.223140495867769,28,28,4,4,30,30,1.7,1.7,492.0,0,0.0,0.5035407680330619,0.5035407680330619,60.42489216396743,120,37360000000.0,36440000000.0,73800000000.0,37.36,36.44,73.8,50.62330623306233,539.2015688616337,1.4841106197058993,0.4266666666666667,0.22308622547046253,0.0,simulated_ring_packets_on_fat_tree_links,0.3,True,1129.344013108605,20.429322481155396,21.709999999999994,106.0,1106.34375,2
3,validation_980_5pct,MARL_POINT,45.89342619412537,242,26,216,265,215,215,88.84297520661157,28,11.570247933884298,0,2,0.8264462809917356,0.0,1,0.4132231404958678,28,11.570247933884298,27,27,1,1,25,25,1.0566037735849056,1.0566037735849056,380.0,0,0.0,0.3693715449304186,0.3693715449304186,44.32458539165024,120,29280000000.0,49240000000.0,78520000000.0,29.28,49.24,78.52,37.28986245542537,528.9648159759207,1.4841106197058993,0.4266666666666667,0.21492398777556435,0.0,simulated_ring_packets_on_fat_tree_links,0.3,True,1134.3343014493075,18.492773056030273,18.99000000000001,101.645,1107.27734375,2
3,validation_990_1pct,RANDOM,-2.3751477628451534,46,2,44,46,44,44,95.65217391304348,2,4.3478260869565215,0,0,0.0,0.0,0,0.0,2,4.3478260869565215,2,2,0,0,0,0,0.0,0.0,46.0,0,0.0,0.0,0.0,0.0,120,0.0,480000000.0,480000000.0,0.0,0.48,0.48,0.0,2.7254730090860506,0.6813682522715127,0.21333333333333335,0.0071111111111111115,0.0,simulated_ring_packets_on_fat_tree_links,0.3,True,454.5040855423161,1.6431846618652344,2.049999999999997,176.16321839080462,877.859375,2
3,validation_990_1pct,SPREAD,-2.3751477628451534,46,2,44,46,44,44,95.65217391304348,2,4.3478260869565215,0,0,0.0,0.0,0,0.0,2,4.3478260869565215,2,2,0,0,0,0,0.0,0.0,46.0,0,0.0,0.0,0.0,0.0,120,0.0,480000000.0,480000000.0,0.0,0.48,0.48,0.0,2.7254730090860506,0.6813682522715127,0.21333333333333335,0.0071111111111111115,0.0,simulated_ring_packets_on_fat_tree_links,0.3,True,454.5040855423161,2.417126178741455,2.260000000000005,143.75394736842105,898.42578125,2
3,validation_990_1pct,EPOBF,-2.3751477628451543,46,2,44,46,44,44,95.65217391304348,2,4.3478260869565215,0,0,0.0,0.0,0,0.0,2,4.3478260869565215,2,2,0,0,0,0,0.0,0.0,46.0,0,0.0,0.0,0.0,0.0,120,0.0,480000000.0,480000000.0,0.0,0.48,0.48,0.0,2.7254730090860506,0.6813682522715127,0.21333333333333335,0.0071111111111111115,0.0,simulated_ring_packets_on_fat_tree_links,0.3,True,454.50408554231615,1.459373950958252,1.3400000000000034,143.11948051948053,897.8828125,2
3,validation_990_1pct,RPA,-2.3879081795118324,46,2,44,47,44,44,95.65217391304348,2,4.3478260869565215,0,0,0.0,0.0,0,0.0,2,4.3478260869565215,2,2,0,0,1,1,0.06382978723404255,0.06382978723404255,48.0,0,0.0,0.0,0.0,0.0,120,0.0,480000000.0,480000000.0,0.0,0.48,0.48,0.0,2.7254730090860506,0.6813682522715127,0.21333333333333335,0.0071111111111111115,0.0,simulated_ring_packets_on_fat_tree_links,0.3,True,454.5040855423167,1.4886069297790527,1.6900000000000048,178.68148148148148,925.23046875,2
3,validation_990_1pct,SAFERES,-3.0176575777806045,46,2,44,44,42,42,91.30434782608695,4,8.695652173913043,1,0,0.0,2.1739130434782608,0,0.0,4,8.695652173913043,4,4,0,0,0,0,0.0,0.0,119.0,0,0.0,0.0,0.0,0.0,120,0.0,80000000.0,80000000.0,0.0,0.08,0.08,0.0,0.6813682522715127,0.6813682522715127,0.21333333333333335,0.0017777777777777779,0.0,simulated_ring_packets_on_fat_tree_links,0.3,True,453.8165541198078,3.8980746269226074,3.1199999999999974,91.20714285714286,925.5234375,2
3,validation_990_1pct,MARL,-2.375147762845155,46,2,44,46,44,44,95.65217391304348,2,4.3478260869565215,0,0,0.0,0.0,0,0.0,2,4.3478260869565215,2,2,0,0,0,0,0.0,0.0,46.0,0,0.0,0.0,0.0,0.0,120,0.0,480000000.0,480000000.0,0.0,0.48,0.48,0.0,2.7254730090860506,0.6813682522715127,0.21333333333333335,0.0071111111111111115,0.0,simulated_ring_packets_on_fat_tree_links,0.3,True,454.5040855423162,5.704362630844116,4.919999999999995,84.69661016949154,1054.484375,2
3,validation_990_1pct,MARL_POINT,-2.3751477628451627,46,2,44,46,44,44,95.65217391304348,2,4.3478260869565215,0,0,0.0,0.0,0,0.0,2,4.3478260869565215,2,2,0,0,0,0,0.0,0.0,46.0,0,0.0,0.0,0.0,0.0,120,0.0,480000000.0,480000000.0,0.0,0.48,0.48,0.0,2.7254730090860506,0.6813682522715127,0.21333333333333335,0.0071111111111111115,0.0,simulated_ring_packets_on_fat_tree_links,0.3,True,454.5040855423166,6.021036386489868,5.190000000000005,84.67142857142856,1060.078125,2
3,validation_990_5pct,RANDOM,12.76031653819128,235,21,214,235,214,214,91.06382978723404,21,8.936170212765957,0,0,0.0,0.0,0,0.0,21,8.936170212765957,21,21,0,0,0,0,0.0,0.0,233.0,38454,1.3352083333333333,0.3265582833345991,0.3265582833345991,39.18699400015189,120,15120000000.0,24320000000.0,39440000000.0,15.12,24.32,39.44,38.33671399594321,333.86802779262445,1.4827365045430252,0.21333333333333335,0.2097777777777772,0.0,simulated_ring_packets_on_fat_tree_links,0.3,True,839.4567827082565,4.76820707321167,4.580000000000002,98.24260869565217,913.4296875,2
3,validation_990_5pct,SPREAD,15.250455346556736,235,21,214,235,214,214,91.06382978723404,21,8.936170212765957,0,0,0.0,0.0,0,0.0,21,8.936170212765957,21,21,0,0,0,0,0.0,0.0,233.0,30958,1.0749305555555555,0.33275597453229033,0.33275597453229033,39.93071694387484,120,15520000000.0,23920000000.0,39440000000.0,15.52,23.92,39.44,39.350912778904664,337.0735008017105,1.4827365045430252,0.21333333333333335,0.2097777777777772,0.0,simulated_ring_packets_on_fat_tree_links,0.3,True,839.8628375112261,8.806885957717896,8.549999999999997,101.51403508771931,932.96484375,2
3,validation_990_5pct,EPOBF,12.644385637465543,235,21,214,235,214,214,91.06382978723404,21,8.936170212765957,0,0,0.0,0.0,0,0.0,21,8.936170212765957,21,21,0,0,0,0,0.0,0.0,233.0,38795,1.347048611111111,0.32770306447938036,0.32770306447938036,39.32436773752564,120,15200000000.0,24240000000.0,39440000000.0,15.2,24.24,39.44,38.5395537525355,334.67077016005885,1.4834235621244622,0.4266666666666667,0.2098888888888883,0.0,simulated_ring_packets_on_fat_tree_links,0.3,True,839.5538587197381,4.7888641357421875,4.670000000000002,99.58461538461538,923.984375,2
3,validation_990_5pct,RPA,25.31837633692513,235,21,214,239,214,214,91.06382978723404,21,8.936170212765957,0,0,0.0,0.0,0,0.0,21,8.936170212765957,21,21,0,0,4,4,0.06694560669456066,0.06694560669456066,241.0,0,0.0,0.3648191659704817,0.3648191659704817,43.778299916457804,120,17160000000.0,21960000000.0,39120000000.0,17.16,21.96,39.12,43.86503067484663,331.7052971509728,1.4834235621244622,0.4266666666666667,0.20984126984126925,0.0,simulated_ring_packets_on_fat_tree_links,0.3,True,840.9469485011789,4.611476421356201,4.8500000000000085,103.17264957264958,939.58984375,2
3,validation_990_5pct,SAFERES,13.893008737822525,235,21,214,221,202,202,85.95744680851064,37,15.74468085106383,13,0,0.0,5.531914893617022,4,1.702127659574468,37,15.74468085106383,33,33,4,4,0,0,1.5203619909502262,1.5203619909502262,974.0,9663,0.3355208333333333,0.29629629629629645,0.29629629629629645,35.55555555555557,120,10040000000.0,18320000000.0,28360000000.0,10.04,18.32,28.36,35.40197461212976,246.5065740245859,1.4827365045430252,0.21333333333333335,0.2097777777777772,0.0,simulated_ring_packets_on_fat_tree_links,0.3,True,781.594171442689,11.709892511367798,11.29,96.70593220338982,939.60546875,2
3,validation_990_5pct,MARL,25.418729791194004,235,21,214,241,214,214,91.06382978723404,21,8.936170212765957,0,0,0.0,0.0,0,0.0,21,8.936170212765957,21,21,0,0,6,6,0.0995850622406639,0.0995850622406639,239.0,0,0.0,0.3409417483101694,0.3409417483101694,40.913009797220326,120,15800000000.0,23480000000.0,39280000000.0,15.8,23.48,39.28,40.224032586558046,331.5839230358099,1.4827365045430252,0.21333333333333335,0.2097777777777772,0.0,simulated_ring_packets_on_fat_tree_links,0.3,True,840.0626158885963,14.04788327217102,14.669999999999995,103.27416666666666,1095.63671875,2
3,validation_990_5pct,MARL_POINT,25.370842637284376,235,21,214,244,214,214,91.06382978723404,21,8.936170212765957,0,0,0.0,0.0,0,0.0,21,8.936170212765957,21,21,0,0,9,9,0.11475409836065574,0.11475409836065574,242.0,0,0.0,0.3409417483101694,0.3409417483101694,40.913009797220326,120,15800000000.0,23480000000.0,39280000000.0,15.8,23.48,39.28,40.224032586558046,331.5852971509728,1.4834235621244622,0.4266666666666667,0.2098488888888883,0.0,simulated_ring_packets_on_fat_tree_links,0.3,True,839.7233251968818,14.995205640792847,14.559999999999988,95.67416666666666,1099.5234375,2
4,validation_1010_1pct,RANDOM,-10.457666886979894,41,5,36,41,36,36,87.8048780487805,5,12.195121951219512,0,0,0.0,0.0,0,0.0,5,12.195121951219512,5,5,0,0,0,0,0.0,0.0,41.0,55583,1.9299652777777778,0.31430555555555567,0.31430555555555567,37.71666666666668,120,13040000000.0,24880000000.0,37920000000.0,13.04,24.88,37.92,34.38818565400844,184.10343132014978,1.4827365045430252,0.21333333333333335,0.19199999999999953,0.0,simulated_ring_packets_on_fat_tree_links,0.3,True,563.6274158409539,1.6064393520355225,2.4800000000000075,192.16063829787234,885.33984375,2
4,validation_1010_1pct,SPREAD,-10.457666886979888,41,5,36,41,36,36,87.8048780487805,5,12.195121951219512,0,0,0.0,0.0,0,0.0,5,12.195121951219512,5,5,0,0,0,0,0.0,0.0,41.0,55583,1.9299652777777778,0.31430555555555567,0.31430555555555567,37.71666666666668,120,13040000000.0,24880000000.0,37920000000.0,13.04,24.88,37.92,34.38818565400844,184.10343132014978,1.4827365045430252,0.21333333333333335,0.19199999999999953,0.0,simulated_ring_packets_on_fat_tree_links,0.3,True,563.6274158409537,2.055004835128784,2.0600000000000023,147.975,899.7734375,2
4,validation_1010_1pct,EPOBF,-10.457666886979892,41,5,36,41,36,36,87.8048780487805,5,12.195121951219512,0,0,0.0,0.0,0,0.0,5,12.195121951219512,5,5,0,0,0,0,0.0,0.0,41.0,55583,1.9299652777777778,0.31430555555555567,0.31430555555555567,37.71666666666668,120,13040000000.0,24880000000.0,37920000000.0,13.04,24.88,37.92,34.38818565400844,184.10343132014978,1.4827365045430252,0.21333333333333335,0.19199999999999953,0.0,simulated_ring_packets_on_fat_tree_links,0.3,True,563.6274158409539,1.3498480319976807,1.4399999999999977,167.836,911.8828125,2
4,validation_1010_1pct,RPA,7.712108098015401,41,5,36,43,36,36,87.8048780487805,5,12.195121951219512,0,0,0.0,0.0,0,0.0,5,12.195121951219512,5,5,0,0,2,2,0.20930232558139536,0.20930232558139536,45.0,0,0.0,0.4144444444444442,0.4144444444444442,49.733333333333306,120,17360000000.0,19920000000.0,37280000000.0,17.36,19.92,37.28,46.566523605150216,185.94616782469282,1.4827365045430252,0.21333333333333335,0.18844444444444397,0.0,simulated_ring_packets_on_fat_tree_links,0.3,True,566.8252744403986,1.474818468093872,1.6700000000000017,159.84096385542168,925.1953125,2
4,validation_1010_1pct,SAFERES,-4.788378088484998,41,5,36,39,35,35,85.36585365853658,6,14.634146341463415,2,0,0.0,4.878048780487805,0,0.0,6,14.634146341463415,6,6,0,0,0,0,0.3076923076923077,0.3076923076923077,247.0,0,0.0,0.004166666666666667,0.004166666666666667,0.5,120,80000000.0,2160000000.0,2240000000.0,0.08,2.16,2.24,3.5714285714285716,19.198311063602354,1.4827365045430252,0.21333333333333335,0.048000000000000015,0.0,simulated_ring_packets_on_fat_tree_links,0.3,True,441.768218282587,6.158642053604126,5.960000000000001,106.44615384615385,949.78125,2
4,validation_1010_1pct,MARL,7.821261294549282,41,5,36,43,36,36,87.8048780487805,5,12.195121951219512,0,0,0.0,0.0,0,0.0,5,12.195121951219512,5,5,0,0,2,2,0.16279069767441862,0.16279069767441862,43.0,0,0.0,0.4186111111111109,0.4186111111111109,50.233333333333306,120,17520000000.0,20080000000.0,37600000000.0,17.52,20.08,37.6,46.59574468085106,187.42890432923585,1.4827365045430252,0.21333333333333335,0.19022222222222174,0.0,simulated_ring_packets_on_fat_tree_links,0.3,True,568.2164235809192,4.982637643814087,5.109999999999985,100.8991452991453,1081.453125,2
4,validation_1010_1pct,MARL_POINT,7.821261294549291,41,5,36,43,36,36,87.8048780487805,5,12.195121951219512,0,0,0.0,0.0,0,0.0,5,12.195121951219512,5,5,0,0,2,2,0.16279069767441862,0.16279069767441862,43.0,0,0.0,0.4186111111111109,0.4186111111111109,50.233333333333306,120,17520000000.0,20080000000.0,37600000000.0,17.52,20.08,37.6,46.59574468085106,187.42890432923585,1.4827365045430252,0.21333333333333335,0.19022222222222174,0.0,simulated_ring_packets_on_fat_tree_links,0.3,True,568.2164235809187,5.068600416183472,5.170000000000002,104.77226890756302,1081.79296875,2
4,validation_980_1pct,RANDOM,-1.2827896700016619,56,8,48,56,48,48,85.71428571428571,8,14.285714285714286,0,0,0.0,0.0,0,0.0,8,14.285714285714286,8,8,0,0,0,0,0.0,0.0,55.0,23455,0.8144097222222222,0.19992514430014433,0.19992514430014433,23.99101731601732,120,7240000000.0,15360000000.0,22600000000.0,7.24,15.36,22.6,32.0353982300885,138.50270443613041,1.4827365045430252,0.21333333333333335,0.15288888888888863,0.0,simulated_ring_packets_on_fat_tree_links,0.3,True,572.8049175122147,1.8768665790557861,2.549999999999997,170.14893617021278,889.54296875,2
4,validation_980_1pct,SPREAD,-0.4334563366683264,56,8,48,56,48,48,85.71428571428571,8,14.285714285714286,0,0,0.0,0.0,0,0.0,8,14.285714285714286,8,8,0,0,0,0,0.0,0.0,55.0,20907,0.7259375,0.19992514430014433,0.19992514430014433,23.99101731601732,120,7240000000.0,15360000000.0,22600000000.0,7.24,15.36,22.6,32.0353982300885,138.50270443613041,1.4827365045430252,0.21333333333333335,0.15288888888888863,0.0,simulated_ring_packets_on_fat_tree_links,0.3,True,572.8049175122146,2.685983419418335,2.6700000000000017,129.3090909090909,898.16796875,2
4,validation_980_1pct,EPOBF,-0.43345633666832506,56,8,48,56,48,48,85.71428571428571,8,14.285714285714286,0,0,0.0,0.0,0,0.0,8,14.285714285714286,8,8,0,0,0,0,0.0,0.0,55.0,20907,0.7259375,0.19992514430014433,0.19992514430014433,23.99101731601732,120,7240000000.0,15360000000.0,22600000000.0,7.24,15.36,22.6,32.0353982300885,138.50270443613041,1.4827365045430252,0.21333333333333335,0.15288888888888863,0.0,simulated_ring_packets_on_fat_tree_links,0.3,True,572.8049175122145,1.8263144493103027,1.8800000000000026,139.1438202247191,906.609375,2
4,validation_980_1pct,RPA,6.1684530304738425,56,8,48,61,48,48,85.71428571428571,8,14.285714285714286,0,0,0.0,0.0,0,0.0,8,14.285714285714286,8,8,0,0,5,5,0.3442622950819672,0.3442622950819672,65.0,0,0.0,0.2315322871572872,0.2315322871572872,27.78387445887446,120,8280000000.0,13680000000.0,21960000000.0,8.28,13.68,21.96,37.704918032786885,135.53723142704436,1.4827365045430252,0.21333333333333335,0.14933333333333312,0.0,simulated_ring_packets_on_fat_tree_links,0.3,True,572.0402997598345,1.9284837245941162,2.5999999999999943,160.94040404040405,933.00390625,2
4,validation_980_1pct,SAFERES,-1.2058395924320613,56,8,48,49,42,42,75.0,15,26.785714285714285,8,0,0.0,14.285714285714286,1,1.7857142857142858,15,26.785714285714285,14,14,1,1,0,0,0.40816326530612246,0.40816326530612246,483.0,1926,0.066875,0.08859788359788358,0.08859788359788358,10.63174603174603,120,3040000000.0,5920000000.0,8960000000.0,3.04,5.92,8.96,33.92857142857143,61.23766969535009,1.4827365045430252,0.21333333333333335,0.10133333333333336,0.0,simulated_ring_packets_on_fat_tree_links,0.3,True,520.6287019761663,8.636776208877563,8.309999999999995,97.45546218487395,939.828125,2
4,validation_980_1pct,MARL,6.193536404504832,56,8,48,61,48,48,85.71428571428571,8,14.285714285714286,0,0,0.0,0.0,0,0.0,8,14.285714285714286,8,8,0,0,5,5,0.2786885245901639,0.2786885245901639,60.0,0,0.0,0.22863546176046182,0.22863546176046182,27.436255411255416,120,8280000000.0,13680000000.0,21960000000.0,8.28,13.68,21.96,37.704918032786885,135.53723142704436,1.4827365045430252,0.21333333333333335,0.14755555555555533,0.0,simulated_ring_packets_on_fat_tree_links,0.3,True,572.4017723148054,6.162572145462036,6.560000000000002,102.57226890756303,1077.62890625,2
4,validation_980_1pct,MARL_POINT,6.301380536595924,56,8,48,61,48,48,85.71428571428571,8,14.285714285714286,0,0,0.0,0.0,0,0.0,8,14.285714285714286,8,8,0,0,5,5,0.26229508196721313,0.26229508196721313,60.0,0,0.0,0.235341810966811,0.235341810966811,28.24101731601732,120,8440000000.0,13840000000.0,22280000000.0,8.44,13.84,22.28,37.881508078994614,137.0199679315874,1.4827365045430252,0.21333333333333335,0.15111111111111086,0.0,simulated_ring_packets_on_fat_tree_links,0.3,True,573.8383922610828,6.088210344314575,6.38000000000001,101.63916666666667,1080.4375,2
4,validation_980_5pct,RANDOM,-4.164044897128443,242,26,216,239,212,212,87.60330578512396,31,12.809917355371901,1,0,0.0,0.4132231404958678,1,0.4132231404958678,31,12.809917355371901,30,30,1,1,0,0,0.3891213389121339,0.3891213389121339,339.0,155545,5.400868055555556,0.4637217569943207,0.4637217569943207,55.646610839318484,120,40160000000.0,43560000000.0,83720000000.0,40.16,43.56,83.72,47.96942188246536,617.2556224068943,1.4841106197058993,0.4266666666666667,0.221782349370426,0.0,simulated_ring_packets_on_fat_tree_links,0.3,True,1171.8712967274043,6.265149116516113,6.869999999999994,113.71333333333334,948.83984375,2
4,validation_980_5pct,SPREAD,-23.0194287400182,242,26,216,237,211,211,87.1900826446281,33,13.636363636363637,3,0,0.0,1.2396694214876034,2,0.8264462809917356,33,13.636363636363637,31,31,2,2,0,0,0.43037974683544306,0.43037974683544306,414.0,207902,7.218819444444445,0.6091192467165,0.6091192467165,73.09430960598,120,52400000000.0,29520000000.0,81920000000.0,52.4,29.52,81.92,63.96484375,663.9854389450527,1.4848006276151149,0.64,0.22959912081106915,0.0,simulated_ring_packets_on_fat_tree_links,0.3,True,1187.4391556596997,10.930748224258423,11.259999999999998,105.58655462184873,964.05859375,2
4,validation_980_5pct,EPOBF,-21.51158317002269,242,26,216,241,214,214,88.4297520661157,29,11.983471074380166,1,0,0.0,0.4132231404958678,1,0.4132231404958678,29,11.983471074380166,28,28,1,1,0,0,0.3900414937759336,0.3900414937759336,340.0,206181,7.1590625,0.5334689297980144,0.5334689297980144,64.01627157576173,120,46720000000.0,35920000000.0,82640000000.0,46.72,35.92,82.64,56.53436592449177,631.4269013960729,1.4841106197058993,0.4266666666666667,0.22421202398312529,0.0,simulated_ring_packets_on_fat_tree_links,0.3,True,1179.5326783230366,6.4115800857543945,6.210000000000008,99.28898305084746,955.84765625,2
4,validation_980_5pct,RPA,41.76116397125201,242,26,216,264,213,213,88.01652892561984,37,15.289256198347108,8,5,2.0661157024793386,3.3057851239669422,8,3.3057851239669422,37,15.289256198347108,29,29,8,8,24,24,1.7386363636363635,1.7386363636363635,621.0,0,0.0,0.5307828225262153,0.5307828225262153,63.69393870314585,120,37800000000.0,32800000000.0,70600000000.0,37.8,32.8,70.6,53.54107648725213,555.6552044812179,1.4841106197058993,0.4266666666666667,0.22031454717633966,0.0,simulated_ring_packets_on_fat_tree_links,0.3,True,1116.7315252452574,10.222597122192383,10.359999999999992,103.08,971.3125,2
4,validation_980_5pct,SAFERES,17.052796491944445,242,26,216,205,183,183,75.6198347107438,94,38.84297520661157,66,0,0.0,27.272727272727273,35,14.462809917355372,94,38.84297520661157,59,59,35,35,0,0,7.419512195121952,7.419512195121952,2876.0,0,0.0,0.1849999999999999,0.1849999999999999,22.199999999999985,120,11360000000.0,26680000000.0,38040000000.0,11.36,26.68,38.04,29.863301787592007,225.19510422234086,1.4827365045430252,0.21333333333333335,0.21333333333333274,0.0,simulated_ring_packets_on_fat_tree_links,0.3,True,922.2620636672812,21.99340033531189,21.429999999999993,96.64285714285714,958.546875,2
4,validation_980_5pct,MARL,43.51992221386514,242,26,216,261,212,212,87.60330578512396,35,14.462809917355372,2,4,1.6528925619834711,0.8264462809917356,5,2.0661157024793386,35,14.462809917355372,30,30,5,5,23,23,0.9961685823754789,0.9961685823754789,467.0,0,0.0,0.5318330321623581,0.5318330321623581,63.81996385948297,120,39000000000.0,34200000000.0,73200000000.0,39.0,34.2,73.2,53.278688524590166,564.5146701845567,1.4848006276151149,0.64,0.21613160478329477,0.0,simulated_ring_packets_on_fat_tree_links,0.3,True,1130.007712501925,18.196658611297607,21.769999999999996,117.84166666666667,1122.140625,2
4,validation_980_5pct,MARL_POINT,43.70765760110475,242,26,216,271,212,212,87.60330578512396,30,12.396694214876034,0,2,0.8264462809917356,0.0,0,0.0,30,12.396694214876034,30,30,0,0,34,34,0.955719557195572,0.955719557195572,441.0,0,0.0,0.4911085676408987,0.4911085676408987,58.93302811690785,120,37320000000.0,36320000000.0,73640000000.0,37.32,36.32,73.64,50.678978815860944,553.9995469542309,1.4841106197058993,0.4266666666666667,0.2172811392385931,0.0,simulated_ring_packets_on_fat_tree_links,0.3,True,1130.4788560651084,18.4364230632782,22.030000000000015,118.57416666666667,1122.453125,2
4,validation_990_1pct,RANDOM,-2.3751888090833475,46,2,44,46,44,44,95.65217391304348,2,4.3478260869565215,0,0,0.0,0.0,0,0.0,2,4.3478260869565215,2,2,0,0,0,0,0.0,0.0,46.0,0,0.0,0.0,0.0,0.0,120,0.0,480000000.0,480000000.0,0.0,0.48,0.48,0.0,2.7254730090860506,0.6813682522715127,0.21333333333333335,0.0071111111111111115,0.0,simulated_ring_packets_on_fat_tree_links,0.3,True,454.5040855423161,1.4637198448181152,2.210000000000001,201.93132530120482,883.1796875,2
4,validation_990_1pct,SPREAD,-2.3751888090833475,46,2,44,46,44,44,95.65217391304348,2,4.3478260869565215,0,0,0.0,0.0,0,0.0,2,4.3478260869565215,2,2,0,0,0,0,0.0,0.0,46.0,0,0.0,0.0,0.0,0.0,120,0.0,480000000.0,480000000.0,0.0,0.48,0.48,0.0,2.7254730090860506,0.6813682522715127,0.21333333333333335,0.0071111111111111115,0.0,simulated_ring_packets_on_fat_tree_links,0.3,True,454.5040855423161,2.234849452972412,2.229999999999997,155.86301369863014,906.45703125,2
4,validation_990_1pct,EPOBF,-2.3751888090833484,46,2,44,46,44,44,95.65217391304348,2,4.3478260869565215,0,0,0.0,0.0,0,0.0,2,4.3478260869565215,2,2,0,0,0,0,0.0,0.0,46.0,0,0.0,0.0,0.0,0.0,120,0.0,480000000.0,480000000.0,0.0,0.48,0.48,0.0,2.7254730090860506,0.6813682522715127,0.21333333333333335,0.0071111111111111115,0.0,simulated_ring_packets_on_fat_tree_links,0.3,True,454.50408554231615,1.4499647617340088,1.4299999999999997,154.55135135135134,910.79296875,2
4,validation_990_1pct,RPA,-2.3879492257500265,46,2,44,47,44,44,95.65217391304348,2,4.3478260869565215,0,0,0.0,0.0,0,0.0,2,4.3478260869565215,2,2,0,0,1,1,0.06382978723404255,0.06382978723404255,48.0,0,0.0,0.0,0.0,0.0,120,0.0,480000000.0,480000000.0,0.0,0.48,0.48,0.0,2.7254730090860506,0.6813682522715127,0.21333333333333335,0.0071111111111111115,0.0,simulated_ring_packets_on_fat_tree_links,0.3,True,454.5040855423167,1.4369158744812012,1.6599999999999966,169.05632183908045,913.45703125,2
4,validation_990_1pct,SAFERES,-3.0177396702569927,46,2,44,44,42,42,91.30434782608695,4,8.695652173913043,1,0,0.0,2.1739130434782608,0,0.0,4,8.695652173913043,4,4,0,0,0,0,0.0,0.0,119.0,0,0.0,0.0,0.0,0.0,120,0.0,80000000.0,80000000.0,0.0,0.08,0.08,0.0,0.6813682522715127,0.6813682522715127,0.21333333333333335,0.0017777777777777779,0.0,simulated_ring_packets_on_fat_tree_links,0.3,True,453.8165541198078,3.4979054927825928,3.9199999999999946,136.81441441441441,937.4609375,2
4,validation_990_1pct,MARL,-2.3751888090833493,46,2,44,46,44,44,95.65217391304348,2,4.3478260869565215,0,0,0.0,0.0,0,0.0,2,4.3478260869565215,2,2,0,0,0,0,0.0,0.0,46.0,0,0.0,0.0,0.0,0.0,120,0.0,480000000.0,480000000.0,0.0,0.48,0.48,0.0,2.7254730090860506,0.6813682522715127,0.21333333333333335,0.0071111111111111115,0.0,simulated_ring_packets_on_fat_tree_links,0.3,True,454.5040855423162,5.132843732833862,5.160000000000004,98.57217391304347,1078.6796875,2
4,validation_990_1pct,MARL_POINT,-2.3751888090833493,46,2,44,46,44,44,95.65217391304348,2,4.3478260869565215,0,0,0.0,0.0,0,0.0,2,4.3478260869565215,2,2,0,0,0,0,0.0,0.0,46.0,0,0.0,0.0,0.0,0.0,120,0.0,480000000.0,480000000.0,0.0,0.48,0.48,0.0,2.7254730090860506,0.6813682522715127,0.21333333333333335,0.0071111111111111115,0.0,simulated_ring_packets_on_fat_tree_links,0.3,True,454.5040855423162,5.038772344589233,5.1100000000000065,100.65641025641025,1083.32421875,2
4,validation_990_5pct,RANDOM,12.760232175071927,235,21,214,235,214,214,91.06382978723404,21,8.936170212765957,0,0,0.0,0.0,0,0.0,21,8.936170212765957,21,21,0,0,0,0,0.0,0.0,233.0,38454,1.3352083333333333,0.3265582833345991,0.3265582833345991,39.18699400015189,120,15120000000.0,24320000000.0,39440000000.0,15.12,24.32,39.44,38.33671399594321,333.86802779262445,1.4827365045430252,0.21333333333333335,0.2097777777777772,0.0,simulated_ring_packets_on_fat_tree_links,0.3,True,839.4567827082565,4.720394134521484,4.780000000000001,104.73589743589744,983.35546875,2
4,validation_990_5pct,SPREAD,15.250370983437383,235,21,214,235,214,214,91.06382978723404,21,8.936170212765957,0,0,0.0,0.0,0,0.0,21,8.936170212765957,21,21,0,0,0,0,0.0,0.0,233.0,30958,1.0749305555555555,0.33275597453229033,0.33275597453229033,39.93071694387484,120,15520000000.0,23920000000.0,39440000000.0,15.52,23.92,39.44,39.350912778904664,337.0735008017105,1.4827365045430252,0.21333333333333335,0.2097777777777772,0.0,simulated_ring_packets_on_fat_tree_links,0.3,True,839.8628375112261,8.745678663253784,8.61,101.34152542372881,997.19140625,2
4,validation_990_5pct,EPOBF,12.644301274346192,235,21,214,235,214,214,91.06382978723404,21,8.936170212765957,0,0,0.0,0.0,0,0.0,21,8.936170212765957,21,21,0,0,0,0,0.0,0.0,233.0,38795,1.347048611111111,0.32770306447938036,0.32770306447938036,39.32436773752564,120,15200000000.0,24240000000.0,39440000000.0,15.2,24.24,39.44,38.5395537525355,334.67077016005885,1.4834235621244622,0.4266666666666667,0.2098888888888883,0.0,simulated_ring_packets_on_fat_tree_links,0.3,True,839.5538587197381,4.591466188430786,4.509999999999991,102.82521739130435,988.78515625,2
4,validation_990_5pct,RPA,25.318291973805778,235,21,214,239,214,214,91.06382978723404,21,8.936170212765957,0,0,0.0,0.0,0,0.0,21,8.936170212765957,21,21,0,0,4,4,0.06694560669456066,0.06694560669456066,241.0,0,0.0,0.3648191659704817,0.3648191659704817,43.778299916457804,120,17160000000.0,21960000000.0,39120000000.0,17.16,21.96,39.12,43.86503067484663,331.7052971509728,1.4834235621244622,0.4266666666666667,0.20984126984126925,0.0,simulated_ring_packets_on_fat_tree_links,0.3,True,840.9469485011789,4.629804849624634,4.810000000000002,105.32583333333334,1000.74609375,2
4,validation_990_5pct,SAFERES,13.892868132623606,235,21,214,221,202,202,85.95744680851064,37,15.74468085106383,13,0,0.0,5.531914893617022,4,1.702127659574468,37,15.74468085106383,33,33,4,4,0,0,1.5203619909502262,1.5203619909502262,974.0,9663,0.3355208333333333,0.29629629629629645,0.29629629629629645,35.55555555555557,120,10040000000.0,18320000000.0,28360000000.0,10.04,18.32,28.36,35.40197461212976,246.5065740245859,1.4827365045430252,0.21333333333333335,0.2097777777777772,0.0,simulated_ring_packets_on_fat_tree_links,0.3,True,781.594171442689,11.981075286865234,11.519999999999996,97.55213675213676,994.21484375,2
4,validation_990_5pct,MARL,25.47814282218683,235,21,214,240,214,214,91.06382978723404,21,8.936170212765957,0,0,0.0,0.0,0,0.0,21,8.936170212765957,21,21,0,0,5,5,0.05416666666666667,0.05416666666666667,238.0,0,0.0,0.3414973038657249,0.3414973038657249,40.97967646388699,120,15920000000.0,23520000000.0,39440000000.0,15.92,23.52,39.44,40.36511156186612,333.06665954035293,1.4827365045430252,0.21333333333333335,0.2097777777777772,0.0,simulated_ring_packets_on_fat_tree_links,0.3,True,840.9930117316104,12.65113115310669,14.330000000000013,110.77749999999999,1147.44921875,2
4,validation_990_5pct,MARL_POINT,25.426197511408024,235,21,214,240,214,214,91.06382978723404,21,8.936170212765957,0,0,0.0,0.0,0,0.0,21,8.936170212765957,21,21,0,0,5,5,0.07083333333333333,0.07083333333333333,238.0,0,0.0,0.3409417483101694,0.3409417483101694,40.913009797220326,120,15800000000.0,23480000000.0,39280000000.0,15.8,23.48,39.28,40.224032586558046,331.5839230358099,1.4827365045430252,0.21333333333333335,0.2097777777777772,0.0,simulated_ring_packets_on_fat_tree_links,0.3,True,840.0626158885942,12.991366147994995,14.560000000000002,109.22083333333333,1147.609375,2
5,validation_1010_1pct,RANDOM,-10.457752167433767,41,5,36,41,36,36,87.8048780487805,5,12.195121951219512,0,0,0.0,0.0,0,0.0,5,12.195121951219512,5,5,0,0,0,0,0.0,0.0,41.0,55583,1.9299652777777778,0.31430555555555567,0.31430555555555567,37.71666666666668,120,13040000000.0,24880000000.0,37920000000.0,13.04,24.88,37.92,34.38818565400844,184.10343132014978,1.4827365045430252,0.21333333333333335,0.19199999999999953,0.0,simulated_ring_packets_on_fat_tree_links,0.3,True,563.6274158409539,1.4320261478424072,2.0599999999999987,238.55434782608697,885.7421875,2
5,validation_1010_1pct,SPREAD,-10.457752167433762,41,5,36,41,36,36,87.8048780487805,5,12.195121951219512,0,0,0.0,0.0,0,0.0,5,12.195121951219512,5,5,0,0,0,0,0.0,0.0,41.0,55583,1.9299652777777778,0.31430555555555567,0.31430555555555567,37.71666666666668,120,13040000000.0,24880000000.0,37920000000.0,13.04,24.88,37.92,34.38818565400844,184.10343132014978,1.4827365045430252,0.21333333333333335,0.19199999999999953,0.0,simulated_ring_packets_on_fat_tree_links,0.3,True,563.6274158409537,1.9287879467010498,1.9699999999999989,159.43466666666666,897.41015625,2
5,validation_1010_1pct,EPOBF,-10.457752167433766,41,5,36,41,36,36,87.8048780487805,5,12.195121951219512,0,0,0.0,0.0,0,0.0,5,12.195121951219512,5,5,0,0,0,0,0.0,0.0,41.0,55583,1.9299652777777778,0.31430555555555567,0.31430555555555567,37.71666666666668,120,13040000000.0,24880000000.0,37920000000.0,13.04,24.88,37.92,34.38818565400844,184.10343132014978,1.4827365045430252,0.21333333333333335,0.19199999999999953,0.0,simulated_ring_packets_on_fat_tree_links,0.3,True,563.6274158409539,1.2812509536743164,1.379999999999999,167.27777777777777,905.9765625,2
5,validation_1010_1pct,RPA,7.712022817561527,41,5,36,43,36,36,87.8048780487805,5,12.195121951219512,0,0,0.0,0.0,0,0.0,5,12.195121951219512,5,5,0,0,2,2,0.20930232558139536,0.20930232558139536,45.0,0,0.0,0.4144444444444442,0.4144444444444442,49.733333333333306,120,17360000000.0,19920000000.0,37280000000.0,17.36,19.92,37.28,46.566523605150216,185.94616782469282,1.4827365045430252,0.21333333333333335,0.18844444444444397,0.0,simulated_ring_packets_on_fat_tree_links,0.3,True,566.8252744403986,1.3438317775726318,1.6799999999999997,169.55842696629213,919.51171875,2
5,validation_1010_1pct,SAFERES,-4.788480425029647,41,5,36,39,35,35,85.36585365853658,6,14.634146341463415,2,0,0.0,4.878048780487805,0,0.0,6,14.634146341463415,6,6,0,0,0,0,0.3076923076923077,0.3076923076923077,247.0,0,0.0,0.004166666666666667,0.004166666666666667,0.5,120,80000000.0,2160000000.0,2240000000.0,0.08,2.16,2.24,3.5714285714285716,19.198311063602354,1.4827365045430252,0.21333333333333335,0.048000000000000015,0.0,simulated_ring_packets_on_fat_tree_links,0.3,True,441.768218282587,5.900383234024048,5.739999999999995,106.24102564102564,936.91796875,2
5,validation_1010_1pct,MARL,7.821176014095415,41,5,36,43,36,36,87.8048780487805,5,12.195121951219512,0,0,0.0,0.0,0,0.0,5,12.195121951219512,5,5,0,0,2,2,0.16279069767441862,0.16279069767441862,43.0,0,0.0,0.4186111111111109,0.4186111111111109,50.233333333333306,120,17520000000.0,20080000000.0,37600000000.0,17.52,20.08,37.6,46.59574468085106,187.42890432923585,1.4827365045430252,0.21333333333333335,0.19022222222222174,0.0,simulated_ring_packets_on_fat_tree_links,0.3,True,568.2164235809189,4.434447526931763,4.519999999999996,99.47500000000001,1082.0546875,2
5,validation_1010_1pct,MARL_POINT,7.813623930762089,41,5,36,44,36,36,87.8048780487805,5,12.195121951219512,0,0,0.0,0.0,0,0.0,5,12.195121951219512,5,5,0,0,3,3,0.22727272727272727,0.22727272727272727,44.0,0,0.0,0.4186111111111109,0.4186111111111109,50.233333333333306,120,17520000000.0,20080000000.0,37600000000.0,17.52,20.08,37.6,46.59574468085106,187.42890432923585,1.4827365045430252,0.21333333333333335,0.19022222222222174,0.0,simulated_ring_packets_on_fat_tree_links,0.3,True,568.2164235809186,4.510221242904663,4.6200000000000045,105.52608695652174,1087.83203125,2
5,validation_980_1pct,RANDOM,-1.282889569961914,56,8,48,56,48,48,85.71428571428571,8,14.285714285714286,0,0,0.0,0.0,0,0.0,8,14.285714285714286,8,8,0,0,0,0,0.0,0.0,55.0,23455,0.8144097222222222,0.19992514430014433,0.19992514430014433,23.99101731601732,120,7240000000.0,15360000000.0,22600000000.0,7.24,15.36,22.6,32.0353982300885,138.50270443613041,1.4827365045430252,0.21333333333333335,0.15288888888888863,0.0,simulated_ring_packets_on_fat_tree_links,0.3,True,572.8049175122147,1.8506739139556885,2.450000000000003,167.0695652173913,901.7265625,2
5,validation_980_1pct,SPREAD,-0.4335562366285786,56,8,48,56,48,48,85.71428571428571,8,14.285714285714286,0,0,0.0,0.0,0,0.0,8,14.285714285714286,8,8,0,0,0,0,0.0,0.0,55.0,20907,0.7259375,0.19992514430014433,0.19992514430014433,23.99101731601732,120,7240000000.0,15360000000.0,22600000000.0,7.24,15.36,22.6,32.0353982300885,138.50270443613041,1.4827365045430252,0.21333333333333335,0.15288888888888863,0.0,simulated_ring_packets_on_fat_tree_links,0.3,True,572.8049175122146,2.6452815532684326,2.650000000000002,130.80777777777777,911.32421875,2
5,validation_980_1pct,EPOBF,-0.4335562366285773,56,8,48,56,48,48,85.71428571428571,8,14.285714285714286,0,0,0.0,0.0,0,0.0,8,14.285714285714286,8,8,0,0,0,0,0.0,0.0,55.0,20907,0.7259375,0.19992514430014433,0.19992514430014433,23.99101731601732,120,7240000000.0,15360000000.0,22600000000.0,7.24,15.36,22.6,32.0353982300885,138.50270443613041,1.4827365045430252,0.21333333333333335,0.15288888888888863,0.0,simulated_ring_packets_on_fat_tree_links,0.3,True,572.8049175122145,1.6984081268310547,1.75,141.34470588235294,913.234375,2
5,validation_980_1pct,RPA,6.168353130513591,56,8,48,61,48,48,85.71428571428571,8,14.285714285714286,0,0,0.0,0.0,0,0.0,8,14.285714285714286,8,8,0,0,5,5,0.3442622950819672,0.3442622950819672,65.0,0,0.0,0.2315322871572872,0.2315322871572872,27.78387445887446,120,8280000000.0,13680000000.0,21960000000.0,8.28,13.68,21.96,37.704918032786885,135.53723142704436,1.4827365045430252,0.21333333333333335,0.14933333333333312,0.0,simulated_ring_packets_on_fat_tree_links,0.3,True,572.0402997598345,1.8261632919311523,2.3500000000000014,148.0529411764706,932.5703125,2
5,validation_980_1pct,SAFERES,-1.2060206611100182,56,8,48,49,42,42,75.0,15,26.785714285714285,8,0,0.0,14.285714285714286,1,1.7857142857142858,15,26.785714285714285,14,14,1,1,0,0,0.40816326530612246,0.40816326530612246,483.0,1926,0.066875,0.08859788359788358,0.08859788359788358,10.63174603174603,120,3040000000.0,5920000000.0,8960000000.0,3.04,5.92,8.96,33.92857142857143,61.23766969535009,1.4827365045430252,0.21333333333333335,0.10133333333333336,0.0,simulated_ring_packets_on_fat_tree_links,0.3,True,520.6287019761663,8.074890851974487,7.819999999999993,98.04166666666667,938.15625,2
5,validation_980_1pct,MARL,6.214837754544587,56,8,48,60,48,48,85.71428571428571,8,14.285714285714286,0,0,0.0,0.0,0,0.0,8,14.285714285714286,8,8,0,0,4,4,0.25,0.25,59.0,0,0.0,0.23117514430014433,0.23117514430014433,27.74101731601732,120,8280000000.0,13680000000.0,21960000000.0,8.28,13.68,21.96,37.704918032786885,135.53723142704436,1.4827365045430252,0.21333333333333335,0.14933333333333312,0.0,simulated_ring_packets_on_fat_tree_links,0.3,True,572.4017723148049,5.337643384933472,5.730000000000004,107.23189655172413,1079.30859375,2
5,validation_980_1pct,MARL_POINT,6.299737803264951,56,8,48,61,48,48,85.71428571428571,8,14.285714285714286,0,0,0.0,0.0,0,0.0,8,14.285714285714286,8,8,0,0,5,5,0.26229508196721313,0.26229508196721313,60.0,0,0.0,0.23280212842712847,0.23280212842712847,27.936255411255416,120,8440000000.0,13840000000.0,22280000000.0,8.44,13.84,22.28,37.881508078994614,137.0199679315874,1.4827365045430252,0.21333333333333335,0.14933333333333312,0.0,simulated_ring_packets_on_fat_tree_links,0.3,True,574.0190457268217,5.37779688835144,5.780000000000001,106.93445378151262,1084.43359375,2
5,validation_980_5pct,RANDOM,-4.164133032010732,242,26,216,239,212,212,87.60330578512396,31,12.809917355371901,1,0,0.0,0.4132231404958678,1,0.4132231404958678,31,12.809917355371901,30,30,1,1,0,0,0.3891213389121339,0.3891213389121339,339.0,155545,5.400868055555556,0.4637217569943207,0.4637217569943207,55.646610839318484,120,40160000000.0,43560000000.0,83720000000.0,40.16,43.56,83.72,47.96942188246536,617.2556224068943,1.4841106197058993,0.4266666666666667,0.221782349370426,0.0,simulated_ring_packets_on_fat_tree_links,0.3,True,1171.8712967274043,5.956593036651611,6.390000000000001,107.48416666666667,932.2734375,2
5,validation_980_5pct,SPREAD,-23.019521209402892,242,26,216,237,211,211,87.1900826446281,33,13.636363636363637,3,0,0.0,1.2396694214876034,2,0.8264462809917356,33,13.636363636363637,31,31,2,2,0,0,0.43037974683544306,0.43037974683544306,414.0,207902,7.218819444444445,0.6091192467165,0.6091192467165,73.09430960598,120,52400000000.0,29520000000.0,81920000000.0,52.4,29.52,81.92,63.96484375,663.9854389450527,1.4848006276151149,0.64,0.22959912081106915,0.0,simulated_ring_packets_on_fat_tree_links,0.3,True,1187.4391556596997,10.404441118240356,10.549999999999997,103.49406779661017,955.5625,2
5,validation_980_5pct,EPOBF,-21.511665525568436,242,26,216,241,214,214,88.4297520661157,29,11.983471074380166,1,0,0.0,0.4132231404958678,1,0.4132231404958678,29,11.983471074380166,28,28,1,1,0,0,0.3900414937759336,0.3900414937759336,340.0,206181,7.1590625,0.5334689297980144,0.5334689297980144,64.01627157576173,120,46720000000.0,35920000000.0,82640000000.0,46.72,35.92,82.64,56.53436592449177,631.4269013960729,1.4841106197058993,0.4266666666666667,0.22421202398312529,0.0,simulated_ring_packets_on_fat_tree_links,0.3,True,1179.5326783230366,6.004244565963745,5.8700000000000045,97.96610169491525,943.03515625,2
5,validation_980_5pct,RPA,41.76106861219904,242,26,216,264,213,213,88.01652892561984,37,15.289256198347108,8,5,2.0661157024793386,3.3057851239669422,8,3.3057851239669422,37,15.289256198347108,29,29,8,8,24,24,1.7386363636363635,1.7386363636363635,621.0,0,0.0,0.5307828225262153,0.5307828225262153,63.69393870314585,120,37800000000.0,32800000000.0,70600000000.0,37.8,32.8,70.6,53.54107648725213,555.6552044812179,1.4841106197058993,0.4266666666666667,0.22031454717633966,0.0,simulated_ring_packets_on_fat_tree_links,0.3,True,1116.7315252452574,9.22103214263916,9.43,105.53999999999999,961.4609375,2
5,validation_980_5pct,SAFERES,17.052575432321657,242,26,216,205,183,183,75.6198347107438,94,38.84297520661157,66,0,0.0,27.272727272727273,35,14.462809917355372,94,38.84297520661157,59,59,35,35,0,0,7.419512195121952,7.419512195121952,2876.0,0,0.0,0.1849999999999999,0.1849999999999999,22.199999999999985,120,11360000000.0,26680000000.0,38040000000.0,11.36,26.68,38.04,29.863301787592007,225.19510422234086,1.4827365045430252,0.21333333333333335,0.21333333333333274,0.0,simulated_ring_packets_on_fat_tree_links,0.3,True,922.2620636672812,21.209094285964966,20.75999999999999,97.62583333333333,947.7265625,2
5,validation_980_5pct,MARL,46.15374760391325,242,26,216,267,215,215,88.84297520661157,28,11.570247933884298,0,0,0.0,0.0,1,0.4132231404958678,28,11.570247933884298,27,27,1,1,27,27,1.0898876404494382,1.0898876404494382,380.0,0,0.0,0.35999510564711684,0.35999510564711684,43.199412677654024,120,28960000000.0,50280000000.0,79240000000.0,28.96,50.28,79.24,36.547198384654216,524.4911853317786,1.4841106197058993,0.4266666666666667,0.2138841892312475,0.0,simulated_ring_packets_on_fat_tree_links,0.3,True,1136.720817137133,15.73012661933899,18.560000000000002,116.31416666666668,1117.921875,2
5,validation_980_5pct,MARL_POINT,43.856686529462976,242,26,216,274,212,212,87.60330578512396,31,12.809917355371901,1,2,0.8264462809917356,0.4132231404958678,1,0.4132231404958678,31,12.809917355371901,30,30,1,1,36,36,1.802919708029197,1.802919708029197,458.0,0,0.0,0.4553565232288562,0.4553565232288562,54.64278278746275,120,35400000000.0,39120000000.0,74520000000.0,35.4,39.12,74.52,47.50402576489533,548.2285892102757,1.4841106197058993,0.4266666666666667,0.2168891188036417,0.0,simulated_ring_packets_on_fat_tree_links,0.3,True,1126.9980026113608,17.236185789108276,20.749999999999986,118.61916666666666,1118.41015625,2
5,validation_990_1pct,RANDOM,-2.375219213419076,46,2,44,46,44,44,95.65217391304348,2,4.3478260869565215,0,0,0.0,0.0,0,0.0,2,4.3478260869565215,2,2,0,0,0,0,0.0,0.0,46.0,0,0.0,0.0,0.0,0.0,120,0.0,480000000.0,480000000.0,0.0,0.48,0.48,0.0,2.7254730090860506,0.6813682522715127,0.21333333333333335,0.0071111111111111115,0.0,simulated_ring_packets_on_fat_tree_links,0.3,True,454.5040855423161,1.4231085777282715,1.9600000000000009,196.11190476190478,885.24609375,2
5,validation_990_1pct,SPREAD,-2.375219213419076,46,2,44,46,44,44,95.65217391304348,2,4.3478260869565215,0,0,0.0,0.0,0,0.0,2,4.3478260869565215,2,2,0,0,0,0,0.0,0.0,46.0,0,0.0,0.0,0.0,0.0,120,0.0,480000000.0,480000000.0,0.0,0.48,0.48,0.0,2.7254730090860506,0.6813682522715127,0.21333333333333335,0.0071111111111111115,0.0,simulated_ring_packets_on_fat_tree_links,0.3,True,454.5040855423161,1.9932968616485596,2.0,174.8918918918919,907.0,2
5,validation_990_1pct,EPOBF,-2.375219213419077,46,2,44,46,44,44,95.65217391304348,2,4.3478260869565215,0,0,0.0,0.0,0,0.0,2,4.3478260869565215,2,2,0,0,0,0,0.0,0.0,46.0,0,0.0,0.0,0.0,0.0,120,0.0,480000000.0,480000000.0,0.0,0.48,0.48,0.0,2.7254730090860506,0.6813682522715127,0.21333333333333335,0.0071111111111111115,0.0,simulated_ring_packets_on_fat_tree_links,0.3,True,454.50408554231615,1.2927656173706055,1.2700000000000067,167.63857142857145,911.546875,2
5,validation_990_1pct,RPA,-2.387979630085755,46,2,44,47,44,44,95.65217391304348,2,4.3478260869565215,0,0,0.0,0.0,0,0.0,2,4.3478260869565215,2,2,0,0,1,1,0.06382978723404255,0.06382978723404255,48.0,0,0.0,0.0,0.0,0.0,120,0.0,480000000.0,480000000.0,0.0,0.48,0.48,0.0,2.7254730090860506,0.6813682522715127,0.21333333333333335,0.0071111111111111115,0.0,simulated_ring_packets_on_fat_tree_links,0.3,True,454.5040855423167,1.3169045448303223,1.6000000000000014,183.12386363636364,929.63671875,2
5,validation_990_1pct,SAFERES,-3.0178004789284505,46,2,44,44,42,42,91.30434782608695,4,8.695652173913043,1,0,0.0,2.1739130434782608,0,0.0,4,8.695652173913043,4,4,0,0,0,0,0.0,0.0,119.0,0,0.0,0.0,0.0,0.0,120,0.0,80000000.0,80000000.0,0.0,0.08,0.08,0.0,0.6813682522715127,0.6813682522715127,0.21333333333333335,0.0017777777777777779,0.0,simulated_ring_packets_on_fat_tree_links,0.3,True,453.8165541198078,3.4060094356536865,3.1600000000000037,117.51941747572816,928.52734375,2
5,validation_990_1pct,MARL,-2.375219213419077,46,2,44,46,44,44,95.65217391304348,2,4.3478260869565215,0,0,0.0,0.0,0,0.0,2,4.3478260869565215,2,2,0,0,0,0,0.0,0.0,46.0,0,0.0,0.0,0.0,0.0,120,0.0,480000000.0,480000000.0,0.0,0.48,0.48,0.0,2.7254730090860506,0.6813682522715127,0.21333333333333335,0.0071111111111111115,0.0,simulated_ring_packets_on_fat_tree_links,0.3,True,454.50408554231615,4.38504958152771,4.490000000000002,101.53189655172415,1060.7734375,2
5,validation_990_1pct,MARL_POINT,-2.3752192134190855,46,2,44,46,44,44,95.65217391304348,2,4.3478260869565215,0,0,0.0,0.0,0,0.0,2,4.3478260869565215,2,2,0,0,0,0,0.0,0.0,46.0,0,0.0,0.0,0.0,0.0,120,0.0,480000000.0,480000000.0,0.0,0.48,0.48,0.0,2.7254730090860506,0.6813682522715127,0.21333333333333335,0.0071111111111111115,0.0,simulated_ring_packets_on_fat_tree_links,0.3,True,454.5040855423166,4.527857303619385,4.539999999999999,96.80341880341881,1066.140625,2
5,validation_990_5pct,RANDOM,12.760169684458493,235,21,214,235,214,214,91.06382978723404,21,8.936170212765957,0,0,0.0,0.0,0,0.0,21,8.936170212765957,21,21,0,0,0,0,0.0,0.0,233.0,38454,1.3352083333333333,0.3265582833345991,0.3265582833345991,39.18699400015189,120,15120000000.0,24320000000.0,39440000000.0,15.12,24.32,39.44,38.33671399594321,333.86802779262445,1.4827365045430252,0.21333333333333335,0.2097777777777772,0.0,simulated_ring_packets_on_fat_tree_links,0.3,True,839.4567827082565,4.490828990936279,4.929999999999996,110.95701754385965,923.67578125,2
5,validation_990_5pct,SPREAD,15.25030849282395,235,21,214,235,214,214,91.06382978723404,21,8.936170212765957,0,0,0.0,0.0,0,0.0,21,8.936170212765957,21,21,0,0,0,0,0.0,0.0,233.0,30958,1.0749305555555555,0.33275597453229033,0.33275597453229033,39.93071694387484,120,15520000000.0,23920000000.0,39440000000.0,15.52,23.92,39.44,39.350912778904664,337.0735008017105,1.4827365045430252,0.21333333333333335,0.2097777777777772,0.0,simulated_ring_packets_on_fat_tree_links,0.3,True,839.8628375112261,8.11107349395752,8.009999999999998,102.48596491228069,938.21875,2
5,validation_990_5pct,EPOBF,12.644238783732757,235,21,214,235,214,214,91.06382978723404,21,8.936170212765957,0,0,0.0,0.0,0,0.0,21,8.936170212765957,21,21,0,0,0,0,0.0,0.0,233.0,38795,1.347048611111111,0.32770306447938036,0.32770306447938036,39.32436773752564,120,15200000000.0,24240000000.0,39440000000.0,15.2,24.24,39.44,38.5395537525355,334.67077016005885,1.4834235621244622,0.4266666666666667,0.2098888888888883,0.0,simulated_ring_packets_on_fat_tree_links,0.3,True,839.5538587197381,4.2652504444122314,4.240000000000009,105.07033898305085,928.5859375,2
5,validation_990_5pct,RPA,25.318229483192344,235,21,214,239,214,214,91.06382978723404,21,8.936170212765957,0,0,0.0,0.0,0,0.0,21,8.936170212765957,21,21,0,0,4,4,0.06694560669456066,0.06694560669456066,241.0,0,0.0,0.3648191659704817,0.3648191659704817,43.778299916457804,120,17160000000.0,21960000000.0,39120000000.0,17.16,21.96,39.12,43.86503067484663,331.7052971509728,1.4834235621244622,0.4266666666666667,0.20984126984126925,0.0,simulated_ring_packets_on_fat_tree_links,0.3,True,840.9469485011789,4.327049493789673,4.529999999999987,108.10695652173912,934.65625,2
5,validation_990_5pct,SAFERES,13.892763981601215,235,21,214,221,202,202,85.95744680851064,37,15.74468085106383,13,0,0.0,5.531914893617022,4,1.702127659574468,37,15.74468085106383,33,33,4,4,0,0,1.5203619909502262,1.5203619909502262,974.0,9663,0.3355208333333333,0.29629629629629645,0.29629629629629645,35.55555555555557,120,10040000000.0,18320000000.0,28360000000.0,10.04,18.32,28.36,35.40197461212976,246.5065740245859,1.4827365045430252,0.21333333333333335,0.2097777777777772,0.0,simulated_ring_packets_on_fat_tree_links,0.3,True,781.594171442689,11.095695972442627,10.699999999999996,97.52457627118643,934.7265625,2
5,validation_990_5pct,MARL,25.42019321073613,235,21,214,239,214,214,91.06382978723404,21,8.936170212765957,0,0,0.0,0.0,0,0.0,21,8.936170212765957,21,21,0,0,4,4,0.06276150627615062,0.06276150627615062,237.0,0,0.0,0.3510131309966838,0.3510131309966838,42.121575719602056,120,16360000000.0,22920000000.0,39280000000.0,16.36,22.92,39.28,41.64969450101833,331.5852971509728,1.4834235621244622,0.4266666666666667,0.20987654320987598,0.0,simulated_ring_packets_on_fat_tree_links,0.3,True,840.7855256198911,11.982773065567017,13.39,110.45666666666666,1101.8203125,2
5,validation_990_5pct,MARL_POINT,25.403478770794592,235,21,214,243,214,214,91.06382978723404,21,8.936170212765957,0,0,0.0,0.0,0,0.0,21,8.936170212765957,21,21,0,0,8,8,0.09465020576131687,0.09465020576131687,241.0,0,0.0,0.3409417483101694,0.3409417483101694,40.913009797220326,120,15800000000.0,23480000000.0,39280000000.0,15.8,23.48,39.28,40.224032586558046,331.5839230358099,1.4827365045430252,0.21333333333333335,0.2097777777777772,0.0,simulated_ring_packets_on_fat_tree_links,0.3,True,840.0626158885935,11.914421319961548,13.469999999999999,109.67916666666666,1106.484375,2
